FIPS,Median Sale Price 2020,Predicted,error,2020 % Forecast Error,Unnamed: 0,name,state,Unnamed: 4,Unnamed: 5,Unnamed: 6,County,Predicted Median Sale Price 2020
1015,145450.0,122814.8786770272,15.562132226175871,0.011,,Calhoun County,AL,,,,"Calhoun County, AL","$122,815"
1043,199000.0,173967.5010947992,12.579145178492865,0.006,,Cullman County,AL,,,,"Cullman County, AL","$173,968"
1049,163500.0,148999.97711310993,8.868515527149892,0.005,,DeKalb County,AL,,,,"DeKalb County, AL","$149,000"
1055,167350.0,127650.69273052196,23.722322838050815,0.014,,Etowah County,AL,,,,"Etowah County, AL","$127,651"
1073,215000.0,183835.0900835487,14.495306937884319,0.007,,Jefferson County,AL,,,,"Jefferson County, AL","$183,835"
1083,255166.0,236217.30527586906,7.4260264785006385,0.003,,Limestone County,AL,,,,"Limestone County, AL","$236,217"
1089,255663.5,271412.0548757453,-6.15987611674929,0.002,,Madison County,AL,,,,"Madison County, AL","$271,412"
1095,178100.0,162973.19413086702,8.493433952348669,0.005,,Marshall County,AL,,,,"Marshall County, AL","$162,973"
1103,178034.0,162062.35570245332,8.971120290251681,0.005,,Morgan County,AL,,,,"Morgan County, AL","$162,062"
1115,238000.0,185208.39172073634,22.181348016497335,0.009,,St. Clair County,AL,,,,"St. Clair County, AL","$185,208"
1117,260000.0,284393.38195671473,-9.382069983351819,0.004,,Shelby County,AL,,,,"Shelby County, AL","$284,393"
1121,164400.0,151909.27135949297,7.597766812960483,0.005,,Talladega County,AL,,,,"Talladega County, AL","$151,909"
2020,333500.0,284466.99428384943,14.702550439625359,0.004,,Anchorage Municipality,AK,,,,"Anchorage Municipality, AK","$284,467"
2170,311000.0,249592.21880756636,19.745267264448117,0.006,,Matanuska-Susitna Borough,AK,,,,"Matanuska-Susitna Borough, AK","$249,592"
4003,174000.0,180157.24748651637,-3.5386479807565334,0.002,,Cochise County,AZ,,,,"Cochise County, AZ","$180,157"
4005,469000.0,310712.38889251865,33.75002369029453,0.007,,Coconino County,AZ,,,,"Coconino County, AZ","$310,712"
4013,350000.0,281696.78329291433,19.51520477345305,0.006,,Maricopa County,AZ,,,,"Maricopa County, AZ","$281,697"
4017,310000.0,198857.8897112528,35.85229364153136,0.012,,Navajo County,AZ,,,,"Navajo County, AZ","$198,858"
4019,262000.0,255805.69628638626,2.3642380586311997,0.001,,Pima County,AZ,,,,"Pima County, AZ","$255,806"
4021,278000.0,230842.18188592768,16.963243925925294,0.006,,Pinal County,AZ,,,,"Pinal County, AZ","$230,842"
4025,419000.0,273648.20897674834,34.690164922017104,0.008,,Yavapai County,AZ,,,,"Yavapai County, AZ","$273,648"
5007,238000.0,210112.66923387788,11.717365868118538,0.005,,Benton County,AR,,,,"Benton County, AR","$210,113"
5031,167000.0,172348.09702845514,-3.2024533104521824,0.002,,Craighead County,AR,,,,"Craighead County, AR","$172,348"
5045,186300.0,211923.34455638728,-13.75380813547358,0.007,,Faulkner County,AR,,,,"Faulkner County, AR","$211,923"
5051,184125.0,172077.03010029165,6.543364507648796,0.004,,Garland County,AR,,,,"Garland County, AR","$172,077"
5069,133500.0,97318.21822861879,27.10245825571626,0.02,,Jefferson County,AR,,,,"Jefferson County, AR","$97,318"
5085,165000.0,187435.29098793896,-13.597146053296342,0.008,,Lonoke County,AR,,,,"Lonoke County, AR","$187,435"
5119,185000.0,167512.04745949592,9.452947319191393,0.005,,Pulaski County,AR,,,,"Pulaski County, AR","$167,512"
5125,212500.0,228439.9635687396,-7.501159326465691,0.004,,Saline County,AR,,,,"Saline County, AR","$228,440"
5143,232000.0,202001.7594890709,12.930276082297032,0.006,,Washington County,AR,,,,"Washington County, AR","$202,002"
5145,146687.5,153720.29798700387,-4.79440851265709,0.003,,White County,AR,,,,"White County, AR","$153,720"
6001,910000.0,925154.13,-1.6652890109890115,0.0,,Alameda County,CA,,,,"Alameda County, CA","$925,154"
6007,385000.0,432235.6658187416,-12.269004108764053,0.003,,Butte County,CA,,,,"Butte County, CA","$432,236"
6013,710000.0,632888.9137232683,10.860716377004463,0.002,,Contra Costa County,CA,,,,"Contra Costa County, CA","$632,889"
6017,539500.0,501429.7189311418,7.056585925645639,0.001,,El Dorado County,CA,,,,"El Dorado County, CA","$501,430"
6019,320000.0,318176.45131947234,0.5698589626648937,0.0,,Fresno County,CA,,,,"Fresno County, CA","$318,176"
6029,284000.0,256076.50931160507,9.832215031124976,0.003,,Kern County,CA,,,,"Kern County, CA","$256,077"
6033,297000.0,246492.97451652234,17.00573248601941,0.006,,Lake County,CA,,,,"Lake County, CA","$246,493"
6037,730000.0,598752.6394761904,17.979090482713637,0.002,,Los Angeles County,CA,,,,"Los Angeles County, CA","$598,753"
6039,330000.0,258628.0091766583,21.627876007073247,0.007,,Madera County,CA,,,,"Madera County, CA","$258,628"
6041,1310000.0,1007043.2953333332,23.126466005089068,0.002,,Marin County,CA,,,,"Marin County, CA","$1,007,043"
6047,320000.0,290553.62861615454,9.201991057451705,0.003,,Merced County,CA,,,,"Merced County, CA","$290,554"
6053,723000.0,531132.0143538325,26.53775735078389,0.004,,Monterey County,CA,,,,"Monterey County, CA","$531,132"
6055,790000.0,643965.6240357142,18.485364046112128,0.002,,Napa County,CA,,,,"Napa County, CA","$643,966"
6057,559500.0,468072.87681318686,16.34086205304971,0.003,,Nevada County,CA,,,,"Nevada County, CA","$468,073"
6059,800000.0,655677.4252380955,18.04032184523807,0.002,,Orange County,CA,,,,"Orange County, CA","$655,677"
6061,565000.0,580421.172506508,-2.7294110630987527,0.0,,Placer County,CA,,,,"Placer County, CA","$580,421"
6065,460000.0,388551.4776818182,15.53228746047431,0.003,,Riverside County,CA,,,,"Riverside County, CA","$388,551"
6067,430000.0,402627.36520863045,6.3657290212487325,0.001,,Sacramento County,CA,,,,"Sacramento County, CA","$402,627"
6071,415000.0,363495.20425757574,12.410794154801028,0.003,,San Bernardino County,CA,,,,"San Bernardino County, CA","$363,495"
6073,660000.0,628068.9811363635,4.838033161157051,0.001,,San Diego County,CA,,,,"San Diego County, CA","$628,069"
6075,1339000.0,1278590.4,4.511545929798364,0.0,,San Francisco County,CA,,,,"San Francisco County, CA","$1,278,590"
6077,430000.0,340281.2304628011,20.864830124929973,0.005,,San Joaquin County,CA,,,,"San Joaquin County, CA","$340,281"
6079,687500.0,603609.216003427,12.202295854046975,0.002,,San Luis Obispo County,CA,,,,"San Luis Obispo County, CA","$603,609"
6081,1350000.0,1133615.9043333333,16.028451530864203,0.001,,San Mateo County,CA,,,,"San Mateo County, CA","$1,133,616"
6083,767500.0,584133.6859233956,23.891376426919145,0.003,,Santa Barbara County,CA,,,,"Santa Barbara County, CA","$584,134"
6085,1220000.0,932567.5,23.560040983606555,0.002,,Santa Clara County,CA,,,,"Santa Clara County, CA","$932,568"
6087,920000.0,721905.706746002,21.5319883971737,0.002,,Santa Cruz County,CA,,,,"Santa Cruz County, CA","$721,906"
6095,495000.0,452780.27373045386,8.529237630211341,0.002,,Solano County,CA,,,,"Solano County, CA","$452,780"
6097,690000.0,589093.1165232685,14.624186011120505,0.002,,Sonoma County,CA,,,,"Sonoma County, CA","$589,093"
6099,375000.0,297196.81653418805,20.747515590883186,0.006,,Stanislaus County,CA,,,,"Stanislaus County, CA","$297,197"
6101,382500.0,333266.2423538835,12.871570626435682,0.003,,Sutter County,CA,,,,"Sutter County, CA","$333,266"
6111,681000.0,582300.3573055556,14.493339602708428,0.002,,Ventura County,CA,,,,"Ventura County, CA","$582,300"
6113,505000.0,525890.000719786,-4.136633805898226,0.001,,Yolo County,CA,,,,"Yolo County, CA","$525,890"
6115,374500.0,273716.3322663325,26.911526764664213,0.007,,Yuba County,CA,,,,"Yuba County, CA","$273,716"
8001,398750.0,323031.5835663668,18.988944560158792,0.005,,Adams County,CO,,,,"Adams County, CO","$323,032"
8005,415000.0,345326.8003136507,16.788722815987786,0.004,,Arapahoe County,CO,,,,"Arapahoe County, CO","$345,327"
8013,565000.0,466035.517054945,17.515837689390263,0.003,,Boulder County,CO,,,,"Boulder County, CO","$466,036"
8031,479900.0,408076.27622919733,14.966393784288949,0.003,,Denver County,CO,,,,"Denver County, CO","$408,076"
8035,545000.0,430996.70196249185,20.91803633715746,0.004,,Douglas County,CO,,,,"Douglas County, CO","$430,997"
8059,480000.0,376031.0596047881,21.66019591566915,0.005,,Jefferson County,CO,,,,"Jefferson County, CO","$376,031"
8069,409500.0,336915.0547042881,17.725261366474218,0.004,,Larimer County,CO,,,,"Larimer County, CO","$336,915"
8123,388734.0,294726.42274026,24.18300875656361,0.006,,Weld County,CO,,,,"Weld County, CO","$294,726"
9001,498764.5,376971.895623667,24.418859878025202,0.005,,Fairfield County,CT,,,,"Fairfield County, CT","$376,972"
9003,247500.0,191342.53030791107,22.689886744278354,0.009,,Hartford County,CT,,,,"Hartford County, CT","$191,343"
9005,270000.0,246200.37095186094,8.814677425236688,0.003,,Litchfield County,CT,,,,"Litchfield County, CT","$246,200"
9007,299000.0,292524.75350517133,2.165634279206911,0.001,,Middlesex County,CT,,,,"Middlesex County, CT","$292,525"
9009,250000.0,200521.9987280136,19.79120050879456,0.008,,New Haven County,CT,,,,"New Haven County, CT","$200,522"
9011,259950.0,180118.77013845506,30.710224990015366,0.012,,New London County,CT,,,,"New London County, CT","$180,119"
9013,250000.0,258690.1341258372,-3.476053650334885,0.001,,Tolland County,CT,,,,"Tolland County, CT","$258,690"
9015,225000.0,189551.24021527998,15.755004348764453,0.007,,Windham County,CT,,,,"Windham County, CT","$189,551"
10001,252500.0,226010.9784587037,10.490701600513386,0.004,,Kent County,DE,,,,"Kent County, DE","$226,011"
10003,270000.0,209784.4320771821,22.302062193636257,0.008,,New Castle County,DE,,,,"New Castle County, DE","$209,784"
11001,637500.0,581249.0633333332,8.823676339869296,0.001,,District of Columbia,DC,,,,"District of Columbia, DC","$581,249"
12001,239000.0,218401.92496672808,8.618441436515447,0.004,,Alachua County,FL,,,,"Alachua County, FL","$218,402"
12009,265000.0,237507.30557941677,10.374601668144614,0.004,,Brevard County,FL,,,,"Brevard County, FL","$237,507"
12011,311000.0,258036.95543904777,17.02991786525795,0.005,,Broward County,FL,,,,"Broward County, FL","$258,037"
12015,247000.0,240336.60464790108,2.697730911780938,0.001,,Charlotte County,FL,,,,"Charlotte County, FL","$240,337"
12017,184900.0,218292.83476016525,-18.059943082836803,0.01,,Citrus County,FL,,,,"Citrus County, FL","$218,293"
12019,254388.5,248283.42247732906,2.399903109877584,0.001,,Clay County,FL,,,,"Clay County, FL","$248,283"
12021,424000.0,332608.93251362146,21.554497048674186,0.005,,Collier County,FL,,,,"Collier County, FL","$332,609"
12031,235000.0,204051.23842931967,13.169685774757589,0.006,,Duval County,FL,,,,"Duval County, FL","$204,051"
12033,232226.0,193208.777649392,16.80140137220122,0.007,,Escambia County,FL,,,,"Escambia County, FL","$193,209"
12035,287500.0,278230.22755100497,3.2242686779113163,0.001,,Flagler County,FL,,,,"Flagler County, FL","$278,230"
12053,218525.0,213681.78347762345,2.2163214837554275,0.001,,Hernando County,FL,,,,"Hernando County, FL","$213,682"
12057,277125.0,247618.16556536636,10.64748197911904,0.004,,Hillsborough County,FL,,,,"Hillsborough County, FL","$247,618"
12061,269990.0,262576.8065916526,2.7457288819390997,0.001,,Indian River County,FL,,,,"Indian River County, FL","$262,577"
12069,264900.0,234828.23958824464,11.352117935732487,0.004,,Lake County,FL,,,,"Lake County, FL","$234,828"
12071,282700.0,246945.80082396252,12.647399779284571,0.004,,Lee County,FL,,,,"Lee County, FL","$246,946"
12073,230250.0,218690.36227357294,5.020472411043238,0.002,,Leon County,FL,,,,"Leon County, FL","$218,690"
12081,321800.0,263720.86040346813,18.048209942986908,0.006,,Manatee County,FL,,,,"Manatee County, FL","$263,721"
12083,205000.0,197785.9912358184,3.519028665454442,0.002,,Marion County,FL,,,,"Marion County, FL","$197,786"
12085,343000.0,271322.6263237752,20.897193491610725,0.006,,Martin County,FL,,,,"Martin County, FL","$271,323"
12086,360000.0,292757.07562631887,18.678590103800317,0.005,,Miami-Dade County,FL,,,,"Miami-Dade County, FL","$292,757"
12087,649500.0,425004.3875949088,34.564374504248065,0.005,,Monroe County,FL,,,,"Monroe County, FL","$425,004"
12089,270400.0,270983.1280335736,-0.21565385857012678,0.0,,Nassau County,FL,,,,"Nassau County, FL","$270,983"
12091,287000.0,259084.74403776988,9.726570021682969,0.003,,Okaloosa County,FL,,,,"Okaloosa County, FL","$259,085"
12095,310000.0,260776.20017997347,15.878645103234366,0.005,,Orange County,FL,,,,"Orange County, FL","$260,776"
12097,271000.0,262006.78953962334,3.318527845157441,0.001,,Osceola County,FL,,,,"Osceola County, FL","$262,007"
12099,342000.0,287390.0394755289,15.96782471475764,0.005,,Palm Beach County,FL,,,,"Palm Beach County, FL","$287,390"
12101,259114.0,244035.22207688162,5.819360560648356,0.002,,Pasco County,FL,,,,"Pasco County, FL","$244,035"
12103,284900.0,254240.23729789624,10.76158747002589,0.004,,Pinellas County,FL,,,,"Pinellas County, FL","$254,240"
12105,236995.0,216575.86669206122,8.615849831405214,0.004,,Polk County,FL,,,,"Polk County, FL","$216,576"
12107,175950.0,167083.33020425832,5.039312188543152,0.003,,Putnam County,FL,,,,"Putnam County, FL","$167,083"
12109,360000.0,329113.9880949013,8.579447751416302,0.002,,St. Johns County,FL,,,,"St. Johns County, FL","$329,114"
12111,262800.0,219184.25205850933,16.59655553329173,0.006,,St. Lucie County,FL,,,,"St. Lucie County, FL","$219,184"
12113,263632.5,258777.21150115342,1.8416881449922076,0.001,,Santa Rosa County,FL,,,,"Santa Rosa County, FL","$258,777"
12115,325997.0,271644.5487234553,16.672684496036684,0.005,,Sarasota County,FL,,,,"Sarasota County, FL","$271,645"
12117,305000.0,293563.8049570706,3.7495721452227473,0.001,,Seminole County,FL,,,,"Seminole County, FL","$293,564"
12119,269250.0,299557.8850081349,-11.256410402278506,0.004,,Sumter County,FL,,,,"Sumter County, FL","$299,558"
12127,249950.0,210181.89272002256,15.910424996990374,0.006,,Volusia County,FL,,,,"Volusia County, FL","$210,182"
12131,560000.0,395484.6628219094,29.37773878180189,0.005,,Walton County,FL,,,,"Walton County, FL","$395,485"
13013,246700.0,222661.02617134605,9.744213144975253,0.004,,Barrow County,GA,,,,"Barrow County, GA","$222,661"
13015,237450.0,185338.91880811495,21.946128107763762,0.009,,Bartow County,GA,,,,"Bartow County, GA","$185,339"
13021,155000.0,140634.50824867334,9.268059194404293,0.006,,Bibb County,GA,,,,"Bibb County, GA","$140,635"
13031,179950.0,177948.71064955706,1.112136343674875,0.001,,Bulloch County,GA,,,,"Bulloch County, GA","$177,949"
13045,216800.0,185217.97725520542,14.567353664573146,0.007,,Carroll County,GA,,,,"Carroll County, GA","$185,218"
13051,267080.0,208434.1658146691,21.95815268284068,0.008,,Chatham County,GA,,,,"Chatham County, GA","$208,434"
13057,330000.0,281556.5785147193,14.679824692509296,0.004,,Cherokee County,GA,,,,"Cherokee County, GA","$281,557"
13063,179450.0,160035.68256570285,10.818789319753217,0.006,,Clayton County,GA,,,,"Clayton County, GA","$160,036"
13067,320000.0,294237.195598962,8.05087637532437,0.003,,Cobb County,GA,,,,"Cobb County, GA","$294,237"
13073,250000.0,296783.85400142154,-18.713541600568615,0.007,,Columbia County,GA,,,,"Columbia County, GA","$296,784"
13077,312400.0,245510.99554450647,21.411333052334676,0.007,,Coweta County,GA,,,,"Coweta County, GA","$245,511"
13089,293000.0,267215.1727086895,8.800282351983096,0.003,,DeKalb County,GA,,,,"DeKalb County, GA","$267,215"
13097,230000.0,240307.31219962926,-4.481440086795331,0.002,,Douglas County,GA,,,,"Douglas County, GA","$240,307"
13113,349500.0,306137.717219547,12.406947862790553,0.004,,Fayette County,GA,,,,"Fayette County, GA","$306,138"
13115,170000.0,154731.5556024169,8.98143788093124,0.005,,Floyd County,GA,,,,"Floyd County, GA","$154,732"
13117,405000.0,368643.8045468594,8.976838383491504,0.002,,Forsyth County,GA,,,,"Forsyth County, GA","$368,644"
13121,335000.0,376093.4612579306,-12.266704853113614,0.004,,Fulton County,GA,,,,"Fulton County, GA","$376,093"
13127,219000.0,165379.31793526222,24.484329709925927,0.011,,Glynn County,GA,,,,"Glynn County, GA","$165,379"
13135,290000.0,284167.3798007395,2.011248344572578,0.001,,Gwinnett County,GA,,,,"Gwinnett County, GA","$284,167"
13139,284650.0,206453.5014867678,27.4711043433101,0.01,,Hall County,GA,,,,"Hall County, GA","$206,454"
13151,249400.0,230694.6598004277,7.500136407206213,0.003,,Henry County,GA,,,,"Henry County, GA","$230,695"
13153,227000.0,201644.94527646634,11.169627631512624,0.005,,Houston County,GA,,,,"Houston County, GA","$201,645"
13157,295748.0,243013.4413693651,17.830909636120925,0.006,,Jackson County,GA,,,,"Jackson County, GA","$243,013"
13217,225000.0,192328.66937642152,14.520591388257104,0.006,,Newton County,GA,,,,"Newton County, GA","$192,329"
13223,268000.0,209718.71900944275,21.74674663826763,0.008,,Paulding County,GA,,,,"Paulding County, GA","$209,719"
13245,175000.0,147713.276309951,15.592413537170854,0.009,,Richmond County,GA,,,,"Richmond County, GA","$147,713"
13247,230000.0,196254.44590292053,14.671980042208466,0.006,,Rockdale County,GA,,,,"Rockdale County, GA","$196,254"
13255,201000.0,169744.76839046716,15.5498664724044,0.008,,Spalding County,GA,,,,"Spalding County, GA","$169,745"
13285,220000.0,145642.89641272812,33.798683448759945,0.015,,Troup County,GA,,,,"Troup County, GA","$145,643"
13297,280000.0,222812.01862957334,20.424279060866663,0.007,,Walton County,GA,,,,"Walton County, GA","$222,812"
13313,162000.0,169626.6456395215,-4.707805950321918,0.003,,Whitfield County,GA,,,,"Whitfield County, GA","$169,627"
15001,450000.0,413700.0187913789,8.066662490804692,0.002,,Hawaii County,HI,,,,"Hawaii County, HI","$413,700"
15003,650000.0,570111.2785141034,12.290572536291787,0.002,,Honolulu County,HI,,,,"Honolulu County, HI","$570,111"
15007,825000.0,499949.7884868941,39.40002563795223,0.005,,Kauai County,HI,,,,"Kauai County, HI","$499,950"
15009,729510.0,498410.5511530888,31.678722546217486,0.004,,Maui County,HI,,,,"Maui County, HI","$498,411"
16001,425000.0,299757.29308511503,29.46887221526705,0.007,,Ada County,ID,,,,"Ada County, ID","$299,757"
16027,339445.0,222983.28758310748,34.30944996005024,0.01,,Canyon County,ID,,,,"Canyon County, ID","$222,983"
16055,400000.0,252997.51764452423,36.75062058886894,0.009,,Kootenai County,ID,,,,"Kootenai County, ID","$252,998"
16083,269900.0,195660.39613340262,27.506337112485134,0.01,,Twin Falls County,ID,,,,"Twin Falls County, ID","$195,660"
17019,167950.0,190940.65890667145,-13.688990120078268,0.008,,Champaign County,IL,,,,"Champaign County, IL","$190,941"
17031,265000.0,295014.33891137113,-11.326165626932502,0.004,,Cook County,IL,,,,"Cook County, IL","$295,014"
17037,199000.0,211666.29573848663,-6.364972732907854,0.003,,DeKalb County,IL,,,,"DeKalb County, IL","$211,666"
17043,300000.0,286477.34010237694,4.507553299207687,0.002,,DuPage County,IL,,,,"DuPage County, IL","$286,477"
17089,253000.0,232807.72608663674,7.981135934135675,0.003,,Kane County,IL,,,,"Kane County, IL","$232,808"
17091,163450.0,140068.13072530244,14.305212159496824,0.009,,Kankakee County,IL,,,,"Kankakee County, IL","$140,068"
17093,258480.0,281339.3609785815,-8.843763919290264,0.003,,Kendall County,IL,,,,"Kendall County, IL","$281,339"
17097,273000.0,240272.0881147109,11.988246111827507,0.004,,Lake County,IL,,,,"Lake County, IL","$240,272"
17099,135000.0,123284.06802473325,8.678468129827223,0.006,,LaSalle County,IL,,,,"LaSalle County, IL","$123,284"
17111,235000.0,240186.51125109778,-2.2070260642969264,0.001,,McHenry County,IL,,,,"McHenry County, IL","$240,187"
17119,148500.0,180549.45183111005,-21.582122445191956,0.015,,Madison County,IL,,,,"Madison County, IL","$180,549"
17163,160000.0,158719.2326000368,0.800479624976997,0.001,,St. Clair County,IL,,,,"St. Clair County, IL","$158,719"
17197,254950.0,258918.20622590932,-1.556464493394517,0.001,,Will County,IL,,,,"Will County, IL","$258,918"
17201,132000.0,144613.5720108304,-9.555736371841208,0.007,,Winnebago County,IL,,,,"Winnebago County, IL","$144,614"
18005,210000.0,198349.0246611534,5.548083494688853,0.003,,Bartholomew County,IN,,,,"Bartholomew County, IN","$198,349"
18011,335245.0,279035.08519692294,16.766816746879762,0.005,,Boone County,IN,,,,"Boone County, IN","$279,035"
18019,193000.0,178183.2736517286,7.677060284078441,0.004,,Clark County,IN,,,,"Clark County, IN","$178,183"
18043,219950.0,195592.13847113564,11.074272120420261,0.005,,Floyd County,IN,,,,"Floyd County, IN","$195,592"
18057,320000.0,394398.4506600544,-23.249515831266997,0.007,,Hamilton County,IN,,,,"Hamilton County, IN","$394,398"
18059,226948.5,233382.04601137456,-2.8348043769289353,0.001,,Hancock County,IN,,,,"Hancock County, IN","$233,382"
18063,240000.0,244273.48905503057,-1.7806204395960714,0.001,,Hendricks County,IN,,,,"Hendricks County, IN","$244,273"
18081,237750.0,245198.19239710047,-3.132783342629011,0.001,,Johnson County,IN,,,,"Johnson County, IN","$245,198"
18095,138100.0,138418.7718738916,-0.23082684568543552,0.0,,Madison County,IN,,,,"Madison County, IN","$138,419"
18097,182000.0,166428.58783182493,8.555720971524764,0.005,,Marion County,IN,,,,"Marion County, IN","$166,429"
18109,204000.0,176935.97231617483,13.266680237169204,0.007,,Morgan County,IN,,,,"Morgan County, IN","$176,936"
18177,127500.0,107147.9586073688,15.962385405985257,0.013,,Wayne County,IN,,,,"Wayne County, IN","$107,148"
19049,306500.0,350536.1251255213,-14.367414396581186,0.005,,Dallas County,IA,,,,"Dallas County, IA","$350,536"
19153,225000.0,226847.22695337463,-0.8209897570553909,0.0,,Polk County,IA,,,,"Polk County, IA","$226,847"
19155,171000.0,177447.38370490447,-3.770399827429513,0.002,,Pottawattamie County,IA,,,,"Pottawattamie County, IA","$177,447"
19169,220000.0,253576.89804745937,-15.262226385208805,0.007,,Story County,IA,,,,"Story County, IA","$253,577"
20091,325000.0,335371.6166062193,-3.191266648067484,0.001,,Johnson County,KS,,,,"Johnson County, KS","$335,372"
20103,217500.0,224239.11623654995,-3.098444246689631,0.001,,Leavenworth County,KS,,,,"Leavenworth County, KS","$224,239"
20209,167500.0,135756.47245301082,18.95135972954578,0.011,,Wyandotte County,KS,,,,"Wyandotte County, KS","$135,756"
21015,235000.0,201390.34893835915,14.301979175166318,0.006,,Boone County,KY,,,,"Boone County, KY","$201,390"
21029,218080.5,173124.09460904467,20.614592038699165,0.009,,Bullitt County,KY,,,,"Bullitt County, KY","$173,124"
21037,180500.0,261968.31394239113,-45.13479996808373,0.025,,Campbell County,KY,,,,"Campbell County, KY","$261,968"
21067,229000.0,234330.26739465873,-2.327627683257088,0.001,,Fayette County,KY,,,,"Fayette County, KY","$234,330"
21111,206250.0,175656.31990758836,14.833299438745037,0.007,,Jefferson County,KY,,,,"Jefferson County, KY","$175,656"
21117,178000.0,177008.29710093752,0.5571364601474619,0.0,,Kenton County,KY,,,,"Kenton County, KY","$177,008"
21151,207000.0,195999.42518186176,5.314287351757603,0.003,,Madison County,KY,,,,"Madison County, KY","$195,999"
21185,369000.0,313392.9274904373,15.069667346764962,0.004,,Oldham County,KY,,,,"Oldham County, KY","$313,393"
22005,255000.0,220193.95895972088,13.649427858932986,0.005,,Ascension Parish,LA,,,,"Ascension Parish, LA","$220,194"
22033,225000.0,199630.44285793693,11.275358729805811,0.005,,East Baton Rouge Parish,LA,,,,"East Baton Rouge Parish, LA","$199,630"
22051,240000.0,177139.9247925045,26.191698003123125,0.011,,Jefferson Parish,LA,,,,"Jefferson Parish, LA","$177,140"
22063,200000.0,217042.83522630343,-8.521417613151716,0.004,,Livingston Parish,LA,,,,"Livingston Parish, LA","$217,043"
22071,312500.0,227075.8659121717,27.33572290810506,0.009,,Orleans Parish,LA,,,,"Orleans Parish, LA","$227,076"
22103,235000.0,252102.26362026573,-7.27755898734712,0.003,,St. Tammany Parish,LA,,,,"St. Tammany Parish, LA","$252,102"
22105,187877.5,203378.52464417717,-8.25060193167206,0.004,,Tangipahoa Parish,LA,,,,"Tangipahoa Parish, LA","$203,379"
23001,200000.0,179534.04003455595,10.232979982722027,0.005,,Androscoggin County,ME,,,,"Androscoggin County, ME","$179,534"
23003,113300.0,93680.61656184345,17.316313714171716,0.015,,Aroostook County,ME,,,,"Aroostook County, ME","$93,681"
23005,370000.0,332170.36818810226,10.224224814026416,0.003,,Cumberland County,ME,,,,"Cumberland County, ME","$332,170"
23011,201000.0,165007.0397608727,17.90694539260065,0.009,,Kennebec County,ME,,,,"Kennebec County, ME","$165,007"
23019,174500.0,161574.79975078977,7.406991546825347,0.004,,Penobscot County,ME,,,,"Penobscot County, ME","$161,575"
23031,339500.0,277600.0493734675,18.232680596916786,0.005,,York County,ME,,,,"York County, ME","$277,600"
24001,111900.0,109762.80248323857,1.9099173518868893,0.002,,Allegany County,MD,,,,"Allegany County, MD","$109,763"
24003,380000.0,331496.77666947263,12.764006139612466,0.003,,Anne Arundel County,MD,,,,"Anne Arundel County, MD","$331,497"
24005,270000.0,277316.65462026803,-2.709872081580753,0.001,,Baltimore County,MD,,,,"Baltimore County, MD","$277,317"
24009,377500.0,278448.543829882,26.2387963364551,0.007,,Calvert County,MD,,,,"Calvert County, MD","$278,449"
24013,349945.0,293920.0742322986,16.0096374480851,0.005,,Carroll County,MD,,,,"Carroll County, MD","$293,920"
24015,259900.0,207851.95145107323,20.026182589044545,0.008,,Cecil County,MD,,,,"Cecil County, MD","$207,852"
24017,362500.0,260855.31335358892,28.03991355763064,0.008,,Charles County,MD,,,,"Charles County, MD","$260,855"
24021,370000.0,298816.70915718644,19.238727254814474,0.005,,Frederick County,MD,,,,"Frederick County, MD","$298,817"
24025,299995.0,287306.28091069724,4.229643523826317,0.001,,Harford County,MD,,,,"Harford County, MD","$287,306"
24027,435000.0,452006.3008619048,-3.909494451012599,0.001,,Howard County,MD,,,,"Howard County, MD","$452,006"
24031,480000.0,445034.88765914785,7.2843984043441985,0.002,,Montgomery County,MD,,,,"Montgomery County, MD","$445,035"
24033,359730.0,306865.334156687,14.695651139274727,0.004,,Prince George's County,MD,,,,"Prince George's County, MD","$306,865"
24037,330000.0,241800.03876738582,26.727260979580052,0.008,,St. Mary's County,MD,,,,"St. Mary's County, MD","$241,800"
24043,235980.0,185031.52683698415,21.590165761088166,0.009,,Washington County,MD,,,,"Washington County, MD","$185,032"
24510,185000.0,168929.8261198014,8.686580475783023,0.005,,Baltimore city,MD,,,,"Baltimore city, MD","$168,930"
25001,511000.0,374941.12304397585,26.626003318204333,0.005,,Barnstable County,MA,,,,"Barnstable County, MA","$374,941"
25005,360000.0,267134.8513532995,25.79587462408347,0.007,,Bristol County,MA,,,,"Bristol County, MA","$267,135"
25009,489000.0,357434.3893499687,26.905032852767135,0.006,,Essex County,MA,,,,"Essex County, MA","$357,434"
25013,309200.0,200492.51983008243,35.157658528433885,0.011,,Hampden County,MA,,,,"Hampden County, MA","$200,493"
25017,585000.0,506942.7808333334,13.34311438746438,0.002,,Middlesex County,MA,,,,"Middlesex County, MA","$506,943"
25021,555772.5,451444.3178946778,18.771742413545507,0.003,,Norfolk County,MA,,,,"Norfolk County, MA","$451,444"
25023,463358.0,337069.5450182716,27.255050086915173,0.006,,Plymouth County,MA,,,,"Plymouth County, MA","$337,070"
25025,667500.0,492262.2521307797,26.25284612272963,0.004,,Suffolk County,MA,,,,"Suffolk County, MA","$492,262"
25027,330000.0,307074.0611413116,6.947254199602545,0.002,,Worcester County,MA,,,,"Worcester County, MA","$307,074"
26005,228676.5,201060.68552854407,12.076367476087805,0.005,,Allegan County,MI,,,,"Allegan County, MI","$201,061"
26017,140900.0,173233.57284330812,-22.947887042802076,0.016,,Bay County,MI,,,,"Bay County, MI","$173,234"
26021,203000.0,148833.3771017688,26.683065467108968,0.013,,Berrien County,MI,,,,"Berrien County, MI","$148,833"
26025,145250.0,143676.2275830742,1.083492197539287,0.001,,Calhoun County,MI,,,,"Calhoun County, MI","$143,676"
26037,242500.0,264806.6428465851,-9.198615606839207,0.004,,Clinton County,MI,,,,"Clinton County, MI","$264,807"
26045,190000.0,191294.0420795993,-0.6810747787364801,0.0,,Eaton County,MI,,,,"Eaton County, MI","$191,294"
26049,159900.0,145617.77715775763,8.931971758750697,0.006,,Genesee County,MI,,,,"Genesee County, MI","$145,618"
26065,143000.0,161309.3070442497,-12.803711219755032,0.009,,Ingham County,MI,,,,"Ingham County, MI","$161,309"
26075,164950.0,159025.1871890188,3.591884092743989,0.002,,Jackson County,MI,,,,"Jackson County, MI","$159,025"
26077,202000.0,182490.9506838371,9.657945206021244,0.005,,Kalamazoo County,MI,,,,"Kalamazoo County, MI","$182,491"
26081,227000.0,203595.31882373992,10.310432236237922,0.005,,Kent County,MI,,,,"Kent County, MI","$203,595"
26087,218050.0,175621.1871107989,19.458295294290807,0.009,,Lapeer County,MI,,,,"Lapeer County, MI","$175,621"
26091,172000.0,180491.07024468904,-4.93666874691223,0.003,,Lenawee County,MI,,,,"Lenawee County, MI","$180,491"
26093,297000.0,265431.53745555936,10.629111967825132,0.004,,Livingston County,MI,,,,"Livingston County, MI","$265,432"
26099,190000.0,170291.89577946573,10.37268643186014,0.005,,Macomb County,MI,,,,"Macomb County, MI","$170,292"
26111,118000.0,183122.39229701608,-55.188468048318704,0.047,,Midland County,MI,,,,"Midland County, MI","$183,122"
26115,187000.0,197757.49361699694,-5.752670383420826,0.003,,Monroe County,MI,,,,"Monroe County, MI","$197,757"
26121,144500.0,158682.22245279845,-9.814686818545642,0.007,,Muskegon County,MI,,,,"Muskegon County, MI","$158,682"
26125,270000.0,314792.8139512997,-16.58993109307396,0.006,,Oakland County,MI,,,,"Oakland County, MI","$314,793"
26139,259900.0,234987.19170699184,9.585536088113951,0.004,,Ottawa County,MI,,,,"Ottawa County, MI","$234,987"
26145,130838.0,124902.09224097573,4.536837737525999,0.003,,Saginaw County,MI,,,,"Saginaw County, MI","$124,902"
26147,180000.0,182799.16478615598,-1.555091547864431,0.001,,St. Clair County,MI,,,,"St. Clair County, MI","$182,799"
26155,128500.0,167379.36739975013,-30.256317042607105,0.024,,Shiawassee County,MI,,,,"Shiawassee County, MI","$167,379"
26159,228450.0,182743.93530736363,20.007032038799025,0.009,,Van Buren County,MI,,,,"Van Buren County, MI","$182,744"
26161,295000.0,269816.1497695967,8.53689838318756,0.003,,Washtenaw County,MI,,,,"Washtenaw County, MI","$269,816"
26163,155000.0,133768.88806155362,13.697491573191215,0.009,,Wayne County,MI,,,,"Wayne County, MI","$133,769"
27003,292000.0,264566.487166424,9.395038641635619,0.003,,Anoka County,MN,,,,"Anoka County, MN","$264,566"
27019,359000.0,349590.284232316,2.621090743087461,0.001,,Carver County,MN,,,,"Carver County, MN","$349,590"
27035,243500.0,272115.5506991414,-11.751766200879425,0.005,,Crow Wing County,MN,,,,"Crow Wing County, MN","$272,116"
27037,320250.0,305959.2052895515,4.462387107087737,0.001,,Dakota County,MN,,,,"Dakota County, MN","$305,959"
27053,321000.0,310579.56532780966,3.2462413309004177,0.001,,Hennepin County,MN,,,,"Hennepin County, MN","$310,580"
27109,260000.0,301499.31677217036,-15.961275681603986,0.006,,Olmsted County,MN,,,,"Olmsted County, MN","$301,499"
27123,260500.0,264030.29670085426,-1.3552002690419431,0.001,,Ramsey County,MN,,,,"Ramsey County, MN","$264,030"
27131,279900.0,253099.11013248263,9.575166083428858,0.003,,Rice County,MN,,,,"Rice County, MN","$253,099"
27139,335247.0,291230.78130733385,13.129489210243836,0.004,,Scott County,MN,,,,"Scott County, MN","$291,231"
27141,299000.0,254170.7436589121,14.993062321434078,0.005,,Sherburne County,MN,,,,"Sherburne County, MN","$254,171"
27145,202500.0,179988.76718511878,11.116658180188258,0.005,,Stearns County,MN,,,,"Stearns County, MN","$179,989"
27163,365000.0,309410.1669258173,15.230091253200733,0.004,,Washington County,MN,,,,"Washington County, MN","$309,410"
27171,295900.0,258920.12620465923,12.49742270880053,0.004,,Wright County,MN,,,,"Wright County, MN","$258,920"
28033,255000.0,246005.086437983,3.527417083143921,0.001,,DeSoto County,MS,,,,"DeSoto County, MS","$246,005"
28047,199900.0,171506.0304323335,14.204086827246872,0.007,,Harrison County,MS,,,,"Harrison County, MS","$171,506"
28049,160000.0,140336.73897691816,12.28953813942615,0.008,,Hinds County,MS,,,,"Hinds County, MS","$140,337"
28059,209500.0,149555.036217459,28.613347867561327,0.014,,Jackson County,MS,,,,"Jackson County, MS","$149,555"
28089,275000.0,279647.4455271793,-1.6899801917015573,0.001,,Madison County,MS,,,,"Madison County, MS","$279,647"
28121,219000.0,246973.03224715355,-12.77307408545824,0.006,,Rankin County,MS,,,,"Rankin County, MS","$246,973"
29021,122000.0,126168.7390173263,-3.416999194529752,0.003,,Buchanan County,MO,,,,"Buchanan County, MO","$126,169"
29031,171000.0,169124.71474232728,1.0966580454226411,0.001,,Cape Girardeau County,MO,,,,"Cape Girardeau County, MO","$169,125"
29037,226400.0,226976.70489673608,-0.25472831127918516,0.0,,Cass County,MO,,,,"Cass County, MO","$226,977"
29047,231000.0,218187.59715649646,5.546494737447421,0.002,,Clay County,MO,,,,"Clay County, MO","$218,188"
29071,183000.0,166262.79886482513,9.146011549275883,0.005,,Franklin County,MO,,,,"Franklin County, MO","$166,263"
29095,200000.0,177758.851212022,11.120574393988994,0.006,,Jackson County,MO,,,,"Jackson County, MO","$177,759"
29099,198000.0,198191.9954646766,-0.09696740640232968,0.0,,Jefferson County,MO,,,,"Jefferson County, MO","$198,192"
29165,285000.0,282555.0257292349,0.8578857090403816,0.0,,Platte County,MO,,,,"Platte County, MO","$282,555"
29183,250250.0,283492.4231170758,-13.283685561269056,0.005,,St. Charles County,MO,,,,"St. Charles County, MO","$283,492"
29187,165000.0,160578.40969447955,2.679751700315427,0.002,,St. Francois County,MO,,,,"St. Francois County, MO","$160,578"
29189,225000.0,227536.14466928385,-1.1271754085706003,0.001,,St. Louis County,MO,,,,"St. Louis County, MO","$227,536"
29510,179900.0,188779.68180448408,-4.935898724004489,0.003,,St. Louis city,MO,,,,"St. Louis city, MO","$188,780"
31055,220000.0,217702.16503937784,1.0444704366464364,0.0,,Douglas County,NE,,,,"Douglas County, NE","$217,702"
31109,220000.0,207624.32913522868,5.6253049385324205,0.003,,Lancaster County,NE,,,,"Lancaster County, NE","$207,624"
31153,268354.5,258834.7696697644,3.547445759335352,0.001,,Sarpy County,NE,,,,"Sarpy County, NE","$258,835"
32003,320000.0,250463.91497212424,21.730026571211177,0.007,,Clark County,NV,,,,"Clark County, NV","$250,464"
32031,429475.0,283160.3708777376,34.06825289534022,0.008,,Washoe County,NV,,,,"Washoe County, NV","$283,160"
33005,256000.0,206630.7576069346,19.284860309791167,0.008,,Cheshire County,NH,,,,"Cheshire County, NH","$206,631"
33009,242500.0,223661.379829108,7.768503163254438,0.003,,Grafton County,NH,,,,"Grafton County, NH","$223,661"
33011,339533.0,288061.8359015771,15.159399557163198,0.004,,Hillsborough County,NH,,,,"Hillsborough County, NH","$288,062"
33013,300333.0,252934.7749430361,15.781890453917457,0.005,,Merrimack County,NH,,,,"Merrimack County, NH","$252,935"
33015,425500.0,322743.5933571025,24.149566778589314,0.006,,Rockingham County,NH,,,,"Rockingham County, NH","$322,744"
33017,312500.0,277920.6763614815,11.065383564325924,0.004,,Strafford County,NH,,,,"Strafford County, NH","$277,921"
34001,250000.0,279741.9332650275,-11.89677330601099,0.005,,Atlantic County,NJ,,,,"Atlantic County, NJ","$279,742"
34003,527000.0,532780.8858532874,-1.0969422871513121,0.0,,Bergen County,NJ,,,,"Bergen County, NJ","$532,781"
34005,260000.0,421144.0310348452,-61.978473474940465,0.024,,Burlington County,NJ,,,,"Burlington County, NJ","$421,144"
34007,220000.0,362926.0191431209,-64.96637233778223,0.03,,Camden County,NJ,,,,"Camden County, NJ","$362,926"
34009,497200.0,440154.17106778495,11.47341692120174,0.002,,Cape May County,NJ,,,,"Cape May County, NJ","$440,154"
34011,162000.0,205798.2955144751,-27.03598488547845,0.017,,Cumberland County,NJ,,,,"Cumberland County, NJ","$205,798"
34013,456500.0,424521.19217085314,7.00521529663677,0.002,,Essex County,NJ,,,,"Essex County, NJ","$424,521"
34015,235000.0,399981.6951117619,-70.20497664330294,0.03,,Gloucester County,NJ,,,,"Gloucester County, NJ","$399,982"
34017,509500.0,516091.29132885917,-1.2936783766161268,0.0,,Hudson County,NJ,,,,"Hudson County, NJ","$516,091"
34019,410000.0,515304.6389390012,-25.684058277805168,0.006,,Hunterdon County,NJ,,,,"Hunterdon County, NJ","$515,305"
34021,300000.0,440051.92580768646,-46.683975269228824,0.016,,Mercer County,NJ,,,,"Mercer County, NJ","$440,052"
34023,365000.0,464662.1297983109,-27.304693095427652,0.007,,Middlesex County,NJ,,,,"Middlesex County, NJ","$464,662"
34025,482300.0,498287.2782653561,-3.314799557403294,0.001,,Monmouth County,NJ,,,,"Monmouth County, NJ","$498,287"
34027,476500.0,536680.7248813198,-12.62974289219723,0.003,,Morris County,NJ,,,,"Morris County, NJ","$536,681"
34029,330000.0,389218.12284251733,-17.944885709853736,0.005,,Ocean County,NJ,,,,"Ocean County, NJ","$389,218"
34031,390000.0,387821.1732506377,0.5586735254775088,0.0,,Passaic County,NJ,,,,"Passaic County, NJ","$387,821"
34033,162000.0,204392.4451853212,-26.168176040321733,0.016,,Salem County,NJ,,,,"Salem County, NJ","$204,392"
34035,399000.0,552891.1796262626,-38.569217951444266,0.01,,Somerset County,NJ,,,,"Somerset County, NJ","$552,891"
34037,295000.0,415814.7849990687,-40.954164406463974,0.014,,Sussex County,NJ,,,,"Sussex County, NJ","$415,815"
34039,430000.0,428417.908516471,0.36792825198349227,0.0,,Union County,NJ,,,,"Union County, NJ","$428,418"
34041,274500.0,365683.46577344975,-33.21802031819663,0.012,,Warren County,NJ,,,,"Warren County, NJ","$365,683"
35049,505000.0,281707.19659608055,44.21639671364741,0.009,,Santa Fe County,NM,,,,"Santa Fe County, NM","$281,707"
36001,240000.0,228346.59238850212,4.855586504790784,0.002,,Albany County,NY,,,,"Albany County, NY","$228,347"
36005,560000.0,345274.9198996499,38.34376430363394,0.007,,Bronx County,NY,,,,"Bronx County, NY","$345,275"
36009,120000.0,99321.96385413881,17.231696788217658,0.014,,Cattaraugus County,NY,,,,"Cattaraugus County, NY","$99,322"
36011,143000.0,141433.24572335294,1.095632361291649,0.001,,Cayuga County,NY,,,,"Cayuga County, NY","$141,433"
36013,118500.0,120501.11226649093,-1.6887023345915058,0.001,,Chautauqua County,NY,,,,"Chautauqua County, NY","$120,501"
36027,360000.0,253440.37085305603,29.599896985262212,0.008,,Dutchess County,NY,,,,"Dutchess County, NY","$253,440"
36029,190000.0,178663.2902094125,5.966689363467112,0.003,,Erie County,NY,,,,"Erie County, NY","$178,663"
36045,165000.0,135731.81792306752,17.73829216783787,0.011,,Jefferson County,NY,,,,"Jefferson County, NY","$135,732"
36047,887000.0,726277.2126666768,18.119818188649734,0.002,,Kings County,NY,,,,"Kings County, NY","$726,277"
36051,200000.0,159749.16711478864,20.125416442605683,0.01,,Livingston County,NY,,,,"Livingston County, NY","$159,749"
36053,169000.0,145569.2944592849,13.864322805156867,0.008,,Madison County,NY,,,,"Madison County, NY","$145,569"
36055,170500.0,217163.12456955097,-27.368401507068018,0.016,,Monroe County,NY,,,,"Monroe County, NY","$217,163"
36059,605605.0,456223.5259873626,24.666486243118435,0.004,,Nassau County,NY,,,,"Nassau County, NY","$456,224"
36061,1175000.0,1161851.648,1.11900868085106,0.0,,New York County,NY,,,,"New York County, NY","$1,161,852"
36063,150000.0,194466.21393429063,-29.64414262286042,0.02,,Niagara County,NY,,,,"Niagara County, NY","$194,466"
36065,152000.0,151154.4709734656,0.556269096404216,0.0,,Oneida County,NY,,,,"Oneida County, NY","$151,154"
36067,160000.0,160791.5973359517,-0.49474833496980863,0.0,,Onondaga County,NY,,,,"Onondaga County, NY","$160,792"
36069,192000.0,234213.58400519335,-21.986241669371537,0.011,,Ontario County,NY,,,,"Ontario County, NY","$234,214"
36071,325000.0,253633.64093678814,21.958879711757497,0.007,,Orange County,NY,,,,"Orange County, NY","$253,634"
36075,130000.0,140860.05833473944,-8.353891026722648,0.006,,Oswego County,NY,,,,"Oswego County, NY","$140,860"
36079,395000.0,323506.09292798355,18.099723309371253,0.005,,Putnam County,NY,,,,"Putnam County, NY","$323,506"
36081,656500.0,484002.5248422903,26.27531990216446,0.004,,Queens County,NY,,,,"Queens County, NY","$484,003"
36083,195000.0,216428.05090342954,-10.988744053040788,0.006,,Rensselaer County,NY,,,,"Rensselaer County, NY","$216,428"
36085,570000.0,305976.3452354357,46.319939432379705,0.008,,Richmond County,NY,,,,"Richmond County, NY","$305,976"
36087,497000.0,365936.73189897294,26.37087889356681,0.005,,Rockland County,NY,,,,"Rockland County, NY","$365,937"
36091,311500.0,293807.25714567344,5.679853243764545,0.002,,Saratoga County,NY,,,,"Saratoga County, NY","$293,807"
36093,199000.0,194328.62540049493,2.3474244218618443,0.001,,Schenectady County,NY,,,,"Schenectady County, NY","$194,329"
36101,139999.5,101798.89678482739,27.286242604561167,0.019,,Steuben County,NY,,,,"Steuben County, NY","$101,799"
36103,480000.0,392606.7895848543,18.20691883648868,0.004,,Suffolk County,NY,,,,"Suffolk County, NY","$392,607"
36105,214000.0,158225.3592107891,26.062916256640612,0.012,,Sullivan County,NY,,,,"Sullivan County, NY","$158,225"
36111,285000.0,235607.05356077896,17.33085839972668,0.006,,Ulster County,NY,,,,"Ulster County, NY","$235,607"
36113,220000.0,187361.17915833797,14.835827655300923,0.007,,Warren County,NY,,,,"Warren County, NY","$187,361"
36117,160500.0,182305.50616242643,-13.585985147929241,0.008,,Wayne County,NY,,,,"Wayne County, NY","$182,306"
36119,628000.0,475442.3466270049,24.292619963852722,0.004,,Westchester County,NY,,,,"Westchester County, NY","$475,442"
37001,209500.0,211909.53998717442,-1.1501384186990051,0.001,,Alamance County,NC,,,,"Alamance County, NC","$211,910"
37021,379000.0,276794.66015774495,26.967108137798167,0.007,,Buncombe County,NC,,,,"Buncombe County, NC","$276,795"
37025,284750.0,281275.1144751383,1.220328542532639,0.0,,Cabarrus County,NC,,,,"Cabarrus County, NC","$281,275"
37037,475000.0,329195.02434352407,30.695784348731774,0.006,,Chatham County,NC,,,,"Chatham County, NC","$329,195"
37057,195500.0,181517.0143293784,7.152422337913859,0.004,,Davidson County,NC,,,,"Davidson County, NC","$181,517"
37063,300000.0,359061.02961621224,-19.687009872070746,0.007,,Durham County,NC,,,,"Durham County, NC","$359,061"
37067,218000.0,174498.22183255036,19.954944113509008,0.009,,Forsyth County,NC,,,,"Forsyth County, NC","$174,498"
37069,274704.5,232113.28070968462,15.504376262607774,0.006,,Franklin County,NC,,,,"Franklin County, NC","$232,113"
37071,223990.0,207953.45527466407,7.159491372532671,0.003,,Gaston County,NC,,,,"Gaston County, NC","$207,953"
37081,215000.0,203485.05339972148,5.355789116408614,0.002,,Guilford County,NC,,,,"Guilford County, NC","$203,485"
37085,221750.0,222065.43782102742,-0.1422492992231862,0.0,,Harnett County,NC,,,,"Harnett County, NC","$222,065"
37089,304500.0,247642.71065817273,18.672344611437527,0.006,,Henderson County,NC,,,,"Henderson County, NC","$247,643"
37097,300000.0,231695.97856356288,22.76800714547904,0.008,,Iredell County,NC,,,,"Iredell County, NC","$231,696"
37101,259945.0,250575.13994582242,3.6045548305132167,0.001,,Johnston County,NC,,,,"Johnston County, NC","$250,575"
37109,335823.0,244681.0432291998,27.139879272950395,0.008,,Lincoln County,NC,,,,"Lincoln County, NC","$244,681"
37119,311500.0,285154.3704316274,8.45766599305702,0.003,,Mecklenburg County,NC,,,,"Mecklenburg County, NC","$285,154"
37125,266000.0,274095.6500353466,-3.043477456897228,0.001,,Moore County,NC,,,,"Moore County, NC","$274,096"
37135,326000.0,374377.8320053604,-14.839825768515457,0.005,,Orange County,NC,,,,"Orange County, NC","$374,378"
37151,180000.0,162454.26367889417,9.747631289503236,0.005,,Randolph County,NC,,,,"Randolph County, NC","$162,454"
37157,138000.0,138339.77723428796,-0.2462153871651896,0.0,,Rockingham County,NC,,,,"Rockingham County, NC","$138,340"
37159,204000.0,151486.83829410083,25.741745934264298,0.013,,Rowan County,NC,,,,"Rowan County, NC","$151,487"
37161,235000.0,163524.53833345583,30.41509007086986,0.013,,Rutherford County,NC,,,,"Rutherford County, NC","$163,525"
37171,155000.0,142575.1351364586,8.016041847446074,0.005,,Surry County,NC,,,,"Surry County, NC","$142,575"
37179,347750.0,290305.7607287491,16.51883228504699,0.005,,Union County,NC,,,,"Union County, NC","$290,306"
37183,347500.0,346412.07672238036,0.31307144679701987,0.0,,Wake County,NC,,,,"Wake County, NC","$346,412"
37193,170000.0,138107.6563866676,18.76020212548965,0.011,,Wilkes County,NC,,,,"Wilkes County, NC","$138,108"
39003,146500.0,110601.78882781383,24.50389841104858,0.017,,Allen County,OH,,,,"Allen County, OH","$110,602"
39007,136500.0,124953.54460775403,8.45894167930108,0.006,,Ashtabula County,OH,,,,"Ashtabula County, OH","$124,954"
39009,144900.0,189011.03099371126,-30.442395440794524,0.021,,Athens County,OH,,,,"Athens County, OH","$189,011"
39017,219000.0,194417.96707858026,11.22467256685833,0.005,,Butler County,OH,,,,"Butler County, OH","$194,418"
39023,135000.0,131223.6933350089,2.7972641962897073,0.002,,Clark County,OH,,,,"Clark County, OH","$131,224"
39025,229000.0,214174.26259227088,6.474121138746339,0.003,,Clermont County,OH,,,,"Clermont County, OH","$214,174"
39029,146500.0,116620.14324451466,20.39580665903436,0.014,,Columbiana County,OH,,,,"Columbiana County, OH","$116,620"
39035,160000.0,139561.0401465815,12.774349908386556,0.008,,Cuyahoga County,OH,,,,"Cuyahoga County, OH","$139,561"
39041,380000.0,317319.1648865844,16.494956608793583,0.004,,Delaware County,OH,,,,"Delaware County, OH","$317,319"
39043,160000.0,125818.26702138911,21.363583111631808,0.013,,Erie County,OH,,,,"Erie County, OH","$125,818"
39045,240000.0,220335.81596040804,8.19341001649665,0.003,,Fairfield County,OH,,,,"Fairfield County, OH","$220,336"
39049,225000.0,227891.32801304257,-1.2850346724633646,0.001,,Franklin County,OH,,,,"Franklin County, OH","$227,891"
39055,289000.0,246477.58334208,14.713638981979237,0.005,,Geauga County,OH,,,,"Geauga County, OH","$246,478"
39057,215000.0,208211.5869315636,3.157401427179724,0.001,,Greene County,OH,,,,"Greene County, OH","$208,212"
39061,194500.0,200323.18476173567,-2.993925327370524,0.002,,Hamilton County,OH,,,,"Hamilton County, OH","$200,323"
39063,160000.0,151619.22929399725,5.237981691251716,0.003,,Hancock County,OH,,,,"Hancock County, OH","$151,619"
39085,165500.0,205001.61321466116,-23.86804423846596,0.014,,Lake County,OH,,,,"Lake County, OH","$205,002"
39089,222500.0,195843.70769348118,11.980356092817448,0.005,,Licking County,OH,,,,"Licking County, OH","$195,844"
39093,174000.0,189269.60789942904,-8.775636723809795,0.005,,Lorain County,OH,,,,"Lorain County, OH","$189,270"
39095,150000.0,136562.06305166747,8.958624632221685,0.006,,Lucas County,OH,,,,"Lucas County, OH","$136,562"
39099,126000.0,128361.66679288697,-1.8743387245134697,0.001,,Mahoning County,OH,,,,"Mahoning County, OH","$128,362"
39101,107000.0,141507.02742190726,-32.24955833823108,0.03,,Marion County,OH,,,,"Marion County, OH","$141,507"
39103,237000.0,245410.5599434734,-3.5487594698200016,0.001,,Medina County,OH,,,,"Medina County, OH","$245,411"
39109,177225.0,169117.0928784611,4.574922906778904,0.003,,Miami County,OH,,,,"Miami County, OH","$169,117"
39113,149900.0,158181.8334397803,-5.524905563562583,0.004,,Montgomery County,OH,,,,"Montgomery County, OH","$158,182"
39133,187312.5,179973.4253552412,3.9180912351064676,0.002,,Portage County,OH,,,,"Portage County, OH","$179,973"
39141,139875.0,143822.7015036285,-2.822306705006961,0.002,,Ross County,OH,,,,"Ross County, OH","$143,823"
39151,165000.0,151686.2220072269,8.068956359256426,0.005,,Stark County,OH,,,,"Stark County, OH","$151,686"
39153,151625.0,151970.47693731898,-0.2278495876794575,0.0,,Summit County,OH,,,,"Summit County, OH","$151,970"
39155,117500.0,119116.77430040423,-1.375978128003598,0.001,,Trumbull County,OH,,,,"Trumbull County, OH","$119,117"
39165,292000.0,291428.6164133113,0.19567931050983695,0.0,,Warren County,OH,,,,"Warren County, OH","$291,429"
39169,157500.0,157274.13514026278,0.14340626015061778,0.0,,Wayne County,OH,,,,"Wayne County, OH","$157,274"
39173,234950.0,186401.8208942295,20.663196044167062,0.009,,Wood County,OH,,,,"Wood County, OH","$186,402"
40017,220500.0,245299.92300204656,-11.247130613173043,0.005,,Canadian County,OK,,,,"Canadian County, OK","$245,300"
40027,190000.0,249089.85667046427,-31.099924563402247,0.016,,Cleveland County,OK,,,,"Cleveland County, OK","$249,090"
40037,149500.0,158450.5847336275,-5.987013199750839,0.004,,Creek County,OK,,,,"Creek County, OK","$158,451"
40101,142250.0,130906.64308213034,7.974240364056002,0.006,,Muskogee County,OK,,,,"Muskogee County, OK","$130,907"
40109,205000.0,178578.23848056563,12.888664155821642,0.006,,Oklahoma County,OK,,,,"Oklahoma County, OK","$178,578"
40119,126000.0,148209.2908208503,-17.62642128638912,0.014,,Payne County,OK,,,,"Payne County, OK","$148,209"
40125,159307.5,139821.15014729506,12.231909892945993,0.008,,Pottawatomie County,OK,,,,"Pottawatomie County, OK","$139,821"
40131,215000.0,220206.02001767818,-2.4214046593852,0.001,,Rogers County,OK,,,,"Rogers County, OK","$220,206"
40143,216900.0,183094.66760265458,15.58567653174063,0.007,,Tulsa County,OK,,,,"Tulsa County, OK","$183,095"
40145,215433.0,213012.5523281495,1.1235268839270227,0.001,,Wagoner County,OK,,,,"Wagoner County, OK","$213,013"
41003,405000.0,370339.90358559607,8.558048497383687,0.002,,Benton County,OR,,,,"Benton County, OR","$370,340"
41005,513000.0,363325.7305668959,29.176270844659662,0.006,,Clackamas County,OR,,,,"Clackamas County, OR","$363,326"
41017,485000.0,333297.95422297326,31.278772325160155,0.006,,Deschutes County,OR,,,,"Deschutes County, OR","$333,298"
41019,282750.0,203982.00620842996,27.857822737955807,0.01,,Douglas County,OR,,,,"Douglas County, OR","$203,982"
41029,375000.0,275475.2097587257,26.53994406433981,0.007,,Jackson County,OR,,,,"Jackson County, OR","$275,475"
41033,365000.0,228116.48093671195,37.50233398994193,0.01,,Josephine County,OR,,,,"Josephine County, OR","$228,116"
41035,231900.0,186316.49775974438,19.65653395440087,0.008,,Klamath County,OR,,,,"Klamath County, OR","$186,316"
41039,351150.0,303477.1512409699,13.576206395850807,0.004,,Lane County,OR,,,,"Lane County, OR","$303,477"
41043,308838.5,244207.6895551749,20.927057489537443,0.007,,Linn County,OR,,,,"Linn County, OR","$244,208"
41047,352000.0,253989.558575527,27.843875404679835,0.008,,Marion County,OR,,,,"Marion County, OR","$253,990"
41051,450000.0,376064.1231608579,16.430194853142694,0.004,,Multnomah County,OR,,,,"Multnomah County, OR","$376,064"
41053,354222.0,283572.2236860063,19.945056014023315,0.006,,Polk County,OR,,,,"Polk County, OR","$283,572"
41059,247000.0,203369.52067127742,17.6641616715476,0.007,,Umatilla County,OR,,,,"Umatilla County, OR","$203,370"
41067,455000.0,336406.6372372641,26.064475332469435,0.006,,Washington County,OR,,,,"Washington County, OR","$336,407"
41071,402606.0,278599.6363538762,30.800922898844973,0.008,,Yamhill County,OR,,,,"Yamhill County, OR","$278,600"
42001,223000.0,185081.8471266295,17.00365599702713,0.008,,Adams County,PA,,,,"Adams County, PA","$185,082"
42003,199900.0,205790.68729247802,-2.946817054766392,0.001,,Allegheny County,PA,,,,"Allegheny County, PA","$205,791"
42005,113750.0,107657.20662987715,5.356301863844261,0.005,,Armstrong County,PA,,,,"Armstrong County, PA","$107,657"
42007,152500.0,167508.9066020951,-9.84190596858696,0.006,,Beaver County,PA,,,,"Beaver County, PA","$167,509"
42011,191392.5,179784.34102838914,6.065106507104959,0.003,,Berks County,PA,,,,"Berks County, PA","$179,784"
42017,360000.0,311510.825916196,13.469215023278894,0.004,,Bucks County,PA,,,,"Bucks County, PA","$311,511"
42019,298670.0,227471.24836345715,23.838601679627295,0.008,,Butler County,PA,,,,"Butler County, PA","$227,471"
42029,382472.0,356956.83974197373,6.67111847613061,0.002,,Chester County,PA,,,,"Chester County, PA","$356,957"
42041,242450.0,228064.97700080043,5.933191585563858,0.002,,Cumberland County,PA,,,,"Cumberland County, PA","$228,065"
42043,185900.0,179755.65847796694,3.30518640238465,0.002,,Dauphin County,PA,,,,"Dauphin County, PA","$179,756"
42045,239000.0,238409.73342709115,0.2469734614681371,0.0,,Delaware County,PA,,,,"Delaware County, PA","$238,410"
42051,143750.0,95813.74848103835,33.3469575784081,0.023,,Fayette County,PA,,,,"Fayette County, PA","$95,814"
42055,198000.0,169645.0750538323,14.320669164731168,0.007,,Franklin County,PA,,,,"Franklin County, PA","$169,645"
42063,108000.0,116403.09600452008,-7.7806444486297,0.007,,Indiana County,PA,,,,"Indiana County, PA","$116,403"
42069,137000.0,145064.11864945813,-5.886217992305207,0.004,,Lackawanna County,PA,,,,"Lackawanna County, PA","$145,064"
42071,235000.0,205921.96063716535,12.373633771419,0.005,,Lancaster County,PA,,,,"Lancaster County, PA","$205,922"
42073,112210.0,120970.91857586795,-7.807609460714689,0.007,,Lawrence County,PA,,,,"Lawrence County, PA","$120,971"
42075,189750.0,188241.49956946445,0.7949936392809245,0.0,,Lebanon County,PA,,,,"Lebanon County, PA","$188,241"
42077,226000.0,188688.80930739862,16.509376412655477,0.007,,Lehigh County,PA,,,,"Lehigh County, PA","$188,689"
42085,143000.0,117153.76659018472,18.074289097772922,0.013,,Mercer County,PA,,,,"Mercer County, PA","$117,154"
42091,330000.0,327928.8433883247,0.6276232156591758,0.0,,Montgomery County,PA,,,,"Montgomery County, PA","$327,929"
42095,242625.0,204385.86246460694,15.760592492691627,0.006,,Northampton County,PA,,,,"Northampton County, PA","$204,386"
42101,240000.0,184090.2382055004,23.295734081041495,0.01,,Philadelphia County,PA,,,,"Philadelphia County, PA","$184,090"
42107,105500.0,97025.85302300772,8.032366802836288,0.008,,Schuylkill County,PA,,,,"Schuylkill County, PA","$97,026"
42111,140000.0,119748.9993791947,14.465000443432352,0.01,,Somerset County,PA,,,,"Somerset County, PA","$119,749"
42125,200000.0,175666.1583475757,12.166920826212154,0.006,,Washington County,PA,,,,"Washington County, PA","$175,666"
42129,160000.0,173879.66302840775,-8.674789392754846,0.005,,Westmoreland County,PA,,,,"Westmoreland County, PA","$173,880"
42133,199990.0,195732.4009821906,2.1289059542024136,0.001,,York County,PA,,,,"York County, PA","$195,732"
44003,290000.0,236327.3229073551,18.507819687118936,0.006,,Kent County,RI,,,,"Kent County, RI","$236,327"
44005,515000.0,347546.0432394459,32.51533140981633,0.006,,Newport County,RI,,,,"Newport County, RI","$347,546"
44007,295900.0,221815.98884560837,25.03684053882786,0.008,,Providence County,RI,,,,"Providence County, RI","$221,816"
44009,426000.0,327841.18121939513,23.041976239578606,0.005,,Washington County,RI,,,,"Washington County, RI","$327,841"
45007,221990.0,192420.1772277573,13.32034000281216,0.006,,Anderson County,SC,,,,"Anderson County, SC","$192,420"
45013,385000.0,306942.0737913377,20.274786028223968,0.005,,Beaufort County,SC,,,,"Beaufort County, SC","$306,942"
45015,289264.0,242615.85407964766,16.126495492129106,0.006,,Berkeley County,SC,,,,"Berkeley County, SC","$242,616"
45019,387500.0,316680.1190865604,18.27609830024248,0.005,,Charleston County,SC,,,,"Charleston County, SC","$316,680"
45035,273700.0,250950.34206068373,8.311895483856874,0.003,,Dorchester County,SC,,,,"Dorchester County, SC","$250,950"
45045,250000.0,216437.38558187697,13.425045767249214,0.005,,Greenville County,SC,,,,"Greenville County, SC","$216,437"
45047,134900.0,159823.36730111955,-18.475439066804707,0.014,,Greenwood County,SC,,,,"Greenwood County, SC","$159,823"
45051,235000.0,226860.34891608,3.4636813123063854,0.001,,Horry County,SC,,,,"Horry County, SC","$226,860"
45057,328900.0,238850.4816798111,27.37899614478227,0.008,,Lancaster County,SC,,,,"Lancaster County, SC","$238,850"
45059,182000.0,157974.34014408285,13.200912008745687,0.007,,Laurens County,SC,,,,"Laurens County, SC","$157,974"
45073,275000.0,187082.2922126157,31.970075559048837,0.012,,Oconee County,SC,,,,"Oconee County, SC","$187,082"
45075,229000.0,141132.45523267795,38.37010688529347,0.017,,Orangeburg County,SC,,,,"Orangeburg County, SC","$141,132"
45077,238000.0,184306.4858707699,22.560300054298366,0.009,,Pickens County,SC,,,,"Pickens County, SC","$184,306"
45083,220000.0,187373.91374780505,14.830039205543159,0.007,,Spartanburg County,SC,,,,"Spartanburg County, SC","$187,374"
45091,299450.0,263841.8782035199,11.891174418594119,0.004,,York County,SC,,,,"York County, SC","$263,842"
47001,180000.0,180768.23774479292,-0.4267987471071764,0.0,,Anderson County,TN,,,,"Anderson County, TN","$180,768"
47009,265750.0,207180.04941186047,22.039492225076025,0.008,,Blount County,TN,,,,"Blount County, TN","$207,180"
47011,250774.5,216053.42520823667,13.845536444799341,0.006,,Bradley County,TN,,,,"Bradley County, TN","$216,053"
47037,332990.0,315670.7679986275,5.201126760975554,0.002,,Davidson County,TN,,,,"Davidson County, TN","$315,671"
47093,249900.0,213011.98527874445,14.76111033263527,0.006,,Knox County,TN,,,,"Knox County, TN","$213,012"
47119,283490.0,227223.16358694318,19.847908713907657,0.007,,Maury County,TN,,,,"Maury County, TN","$227,223"
47125,230000.0,244978.05157073226,-6.512196335100984,0.003,,Montgomery County,TN,,,,"Montgomery County, TN","$244,978"
47141,280000.0,203385.91791296465,27.362172173941197,0.01,,Putnam County,TN,,,,"Putnam County, TN","$203,386"
47147,286340.0,228472.40101206477,20.20940105746149,0.007,,Robertson County,TN,,,,"Robertson County, TN","$228,472"
47149,299440.0,248645.5951096612,16.963132811360808,0.006,,Rutherford County,TN,,,,"Rutherford County, TN","$248,646"
47155,316500.0,210459.96644198563,33.50396004992555,0.011,,Sevier County,TN,,,,"Sevier County, TN","$210,460"
47157,222000.0,188846.63851548007,14.933946614648619,0.007,,Shelby County,TN,,,,"Shelby County, TN","$188,847"
47165,324855.0,264569.49707074394,18.557665090349868,0.006,,Sumner County,TN,,,,"Sumner County, TN","$264,569"
47187,569995.0,441042.4624689004,22.62345064976001,0.004,,Williamson County,TN,,,,"Williamson County, TN","$441,042"
47189,372250.0,285181.90407575323,23.389683257017264,0.006,,Wilson County,TN,,,,"Wilson County, TN","$285,182"
48021,286995.0,207044.38297538526,27.857843176576157,0.01,,Bastrop County,TX,,,,"Bastrop County, TX","$207,044"
48027,207000.0,230676.8726873761,-11.438102747524688,0.006,,Bell County,TX,,,,"Bell County, TX","$230,677"
48029,246900.0,227065.7552858639,8.033310941326889,0.003,,Bexar County,TX,,,,"Bexar County, TX","$227,066"
48039,262500.0,255426.55175414414,2.6946469508022335,0.001,,Brazoria County,TX,,,,"Brazoria County, TX","$255,427"
48085,365000.0,329837.9718579293,9.6334323676906,0.003,,Collin County,TX,,,,"Collin County, TX","$329,838"
48091,333450.0,284288.38757857523,14.743323563180317,0.004,,Comal County,TX,,,,"Comal County, TX","$284,288"
48099,150388.0,177563.93005099843,-18.07054422626701,0.012,,Coryell County,TX,,,,"Coryell County, TX","$177,564"
48113,286000.0,230806.1800301871,19.298538450983532,0.007,,Dallas County,TX,,,,"Dallas County, TX","$230,806"
48121,345000.0,315739.0514174008,8.481434371767877,0.002,,Denton County,TX,,,,"Denton County, TX","$315,739"
48139,285000.0,241269.05127819214,15.344192533967668,0.005,,Ellis County,TX,,,,"Ellis County, TX","$241,269"
48141,184950.0,202204.70570747892,-9.329389406584978,0.005,,El Paso County,TX,,,,"El Paso County, TX","$202,205"
48157,305000.0,300582.01464654075,1.4485197880194278,0.0,,Fort Bend County,TX,,,,"Fort Bend County, TX","$300,582"
48167,270000.0,248056.04522413155,8.127390657729055,0.003,,Galveston County,TX,,,,"Galveston County, TX","$248,056"
48181,225000.0,190696.38210419432,15.246052398135859,0.007,,Grayson County,TX,,,,"Grayson County, TX","$190,696"
48187,250000.0,248536.12264383255,0.5855509424669785,0.0,,Guadalupe County,TX,,,,"Guadalupe County, TX","$248,536"
48201,259900.0,233877.0336686501,10.012684236764098,0.004,,Harris County,TX,,,,"Harris County, TX","$233,877"
48209,311845.0,280912.0049849004,9.919349361092717,0.003,,Hays County,TX,,,,"Hays County, TX","$280,912"
48213,204500.0,170938.68553961758,16.41140071412343,0.008,,Henderson County,TX,,,,"Henderson County, TX","$170,939"
48215,170000.0,184672.63871138246,-8.630963947872035,0.005,,Hidalgo County,TX,,,,"Hidalgo County, TX","$184,673"
48231,218000.0,198176.59941772785,9.093303019390895,0.004,,Hunt County,TX,,,,"Hunt County, TX","$198,177"
48251,245000.0,201726.20013698633,17.662775454291292,0.007,,Johnson County,TX,,,,"Johnson County, TX","$201,726"
48257,260000.0,226045.67708225638,13.05935496836293,0.005,,Kaufman County,TX,,,,"Kaufman County, TX","$226,046"
48291,191445.0,175669.70256379945,8.240119844446472,0.004,,Liberty County,TX,,,,"Liberty County, TX","$175,670"
48339,286094.5,267456.4984046595,6.514631212882629,0.002,,Montgomery County,TX,,,,"Montgomery County, TX","$267,456"
48367,322100.0,237654.35020350327,26.2172150873942,0.008,,Parker County,TX,,,,"Parker County, TX","$237,654"
48397,319396.0,303953.9314325768,4.834772059582214,0.002,,Rockwall County,TX,,,,"Rockwall County, TX","$303,954"
48439,270000.0,256351.0058466225,5.05518301976945,0.002,,Tarrant County,TX,,,,"Tarrant County, TX","$256,351"
48441,199000.0,201362.44666653895,-1.1871591289140444,0.001,,Taylor County,TX,,,,"Taylor County, TX","$201,362"
48453,440000.0,358256.47548250895,18.57807375397524,0.004,,Travis County,TX,,,,"Travis County, TX","$358,256"
48469,197000.0,190862.81246214738,3.11532362327544,0.002,,Victoria County,TX,,,,"Victoria County, TX","$190,863"
48471,237450.0,188279.73673135092,20.707628245377588,0.009,,Walker County,TX,,,,"Walker County, TX","$188,280"
48491,325000.0,307085.87884850777,5.512037277382226,0.002,,Williamson County,TX,,,,"Williamson County, TX","$307,086"
48497,272500.0,188597.3521742297,30.789962504869838,0.011,,Wise County,TX,,,,"Wise County, TX","$188,597"
49005,308500.0,259874.45380421352,15.761927454063688,0.005,,Cache County,UT,,,,"Cache County, UT","$259,874"
49011,380000.0,295289.9389301,22.29212133418421,0.006,,Davis County,UT,,,,"Davis County, UT","$295,290"
49035,402000.0,296505.69998598145,26.242363187566802,0.007,,Salt Lake County,UT,,,,"Salt Lake County, UT","$296,506"
49049,395500.0,314847.1999505047,20.39261695309616,0.005,,Utah County,UT,,,,"Utah County, UT","$314,847"
49053,402000.0,235225.04483974114,41.48630725379574,0.01,,Washington County,UT,,,,"Washington County, UT","$235,225"
49057,310000.0,266204.3654419694,14.127624050977605,0.005,,Weber County,UT,,,,"Weber County, UT","$266,204"
50007,368254.0,365706.1504217296,0.6918728861792126,0.0,,Chittenden County,VT,,,,"Chittenden County, VT","$365,706"
51013,627000.0,587770.44,6.2567081339713,0.001,,Arlington County,VA,,,,"Arlington County, VA","$587,770"
51041,301000.0,280825.45787026105,6.702505690943174,0.002,,Chesterfield County,VA,,,,"Chesterfield County, VA","$280,825"
51059,570000.0,499357.39266666665,12.393439883040939,0.002,,Fairfax County,VA,,,,"Fairfax County, VA","$499,357"
51061,450000.0,294680.1483452095,34.51552258995345,0.008,,Fauquier County,VA,,,,"Fauquier County, VA","$294,680"
51069,286750.0,255527.89116333434,10.888268120894738,0.004,,Frederick County,VA,,,,"Frederick County, VA","$255,528"
51085,349950.0,285768.23039148847,18.340268497931568,0.005,,Hanover County,VA,,,,"Hanover County, VA","$285,768"
51087,283000.0,281868.9887219053,0.3996506283020226,0.0,,Henrico County,VA,,,,"Henrico County, VA","$281,869"
51107,547495.0,486790.7689960318,11.08763203389405,0.002,,Loudoun County,VA,,,,"Loudoun County, VA","$486,791"
51153,415000.0,338381.24892726133,18.462349656081606,0.004,,Prince William County,VA,,,,"Prince William County, VA","$338,381"
51177,315000.0,261050.18734246344,17.126924653186208,0.005,,Spotsylvania County,VA,,,,"Spotsylvania County, VA","$261,050"
51179,402500.0,313799.7026059899,22.037340967455933,0.005,,Stafford County,VA,,,,"Stafford County, VA","$313,800"
51199,321717.5,366570.4217043777,-13.941710259584166,0.004,,York County,VA,,,,"York County, VA","$366,570"
51510,622500.0,559868.737,10.061247068273097,0.002,,Alexandria city,VA,,,,"Alexandria city, VA","$559,869"
51550,305000.0,269854.3018759381,11.523179712807186,0.004,,Chesapeake city,VA,,,,"Chesapeake city, VA","$269,854"
51650,219995.0,184672.98081150552,16.055828172683235,0.007,,Hampton city,VA,,,,"Hampton city, VA","$184,673"
51700,223000.0,165428.07523029196,25.81700662318746,0.012,,Newport News city,VA,,,,"Newport News city, VA","$165,428"
51710,240000.0,191366.83099845893,20.263820417308782,0.008,,Norfolk city,VA,,,,"Norfolk city, VA","$191,367"
51740,204900.0,169303.2419688517,17.372746720911806,0.008,,Portsmouth city,VA,,,,"Portsmouth city, VA","$169,303"
51760,315000.0,232407.23668460787,26.21992486202925,0.008,,Richmond city,VA,,,,"Richmond city, VA","$232,407"
51800,311945.0,257900.517180778,17.325003708737757,0.006,,Suffolk city,VA,,,,"Suffolk city, VA","$257,901"
51810,290000.0,295756.65257508046,-1.9850526120967094,0.001,,Virginia Beach city,VA,,,,"Virginia Beach city, VA","$295,757"
53007,409500.0,245061.1788858527,40.15600027207504,0.01,,Chelan County,WA,,,,"Chelan County, WA","$245,061"
53009,347500.0,269121.56897349324,22.554944180289716,0.006,,Clallam County,WA,,,,"Clallam County, WA","$269,122"
53011,423000.0,320533.3361256525,24.22379760622873,0.006,,Clark County,WA,,,,"Clark County, WA","$320,533"
53015,319500.0,255849.90915324597,19.921781172692967,0.006,,Cowlitz County,WA,,,,"Cowlitz County, WA","$255,850"
53025,273866.0,203845.0517163886,25.567594474528192,0.009,,Grant County,WA,,,,"Grant County, WA","$203,845"
53027,255400.0,191919.67391097662,24.85525688685332,0.01,,Grays Harbor County,WA,,,,"Grays Harbor County, WA","$191,920"
53029,422600.0,328343.34104990185,22.303989339824458,0.005,,Island County,WA,,,,"Island County, WA","$328,343"
53033,675000.0,537528.6145738636,20.366131174242437,0.003,,King County,WA,,,,"King County, WA","$537,529"
53035,425000.0,331485.4300741024,22.003428217858254,0.005,,Kitsap County,WA,,,,"Kitsap County, WA","$331,485"
53041,294000.0,208745.37726332276,28.99817099886981,0.01,,Lewis County,WA,,,,"Lewis County, WA","$208,745"
53045,335000.0,246459.6568099869,26.42995319104869,0.008,,Mason County,WA,,,,"Mason County, WA","$246,460"
53053,431975.0,332530.6624435368,23.020854807908606,0.005,,Pierce County,WA,,,,"Pierce County, WA","$332,531"
53057,440000.0,313966.4132795745,28.643996981914892,0.007,,Skagit County,WA,,,,"Skagit County, WA","$313,966"
53061,535995.0,400866.95711790136,25.210690935941315,0.005,,Snohomish County,WA,,,,"Snohomish County, WA","$400,867"
53063,325000.0,277235.29070622736,14.69683362885312,0.005,,Spokane County,WA,,,,"Spokane County, WA","$277,235"
53067,399950.0,319428.78206368204,20.13282108671533,0.005,,Thurston County,WA,,,,"Thurston County, WA","$319,429"
53073,459900.0,308753.15838782076,32.865153644744346,0.007,,Whatcom County,WA,,,,"Whatcom County, WA","$308,753"
54003,225000.0,207980.320471362,7.564302012727997,0.003,,Berkeley County,WV,,,,"Berkeley County, WV","$207,980"
55009,210000.0,183445.82718152463,12.644844199273988,0.006,,Brown County,WI,,,,"Brown County, WI","$183,446"
55025,315000.0,312443.5430650282,0.8115736301497756,0.0,,Dane County,WI,,,,"Dane County, WI","$312,444"
55027,189000.0,151742.2904126097,19.713073855762065,0.01,,Dodge County,WI,,,,"Dodge County, WI","$151,742"
55035,224700.0,183801.7969952519,18.20124744314557,0.008,,Eau Claire County,WI,,,,"Eau Claire County, WI","$183,802"
55039,180000.0,157237.93274480652,12.645592919551934,0.007,,Fond du Lac County,WI,,,,"Fond du Lac County, WI","$157,238"
55055,226000.0,212742.23587345378,5.866267312631069,0.003,,Jefferson County,WI,,,,"Jefferson County, WI","$212,742"
55059,215500.0,170243.79028682815,21.000561351819883,0.01,,Kenosha County,WI,,,,"Kenosha County, WI","$170,244"
55063,210000.0,178740.96451549724,14.88525499262036,0.007,,La Crosse County,WI,,,,"La Crosse County, WI","$178,741"
55071,133000.0,137833.0596580458,-3.633879442139694,0.003,,Manitowoc County,WI,,,,"Manitowoc County, WI","$137,833"
55073,180000.0,155640.38241711326,13.533120879381524,0.008,,Marathon County,WI,,,,"Marathon County, WI","$155,640"
55079,180000.0,167422.4314200867,6.987538099951829,0.004,,Milwaukee County,WI,,,,"Milwaukee County, WI","$167,422"
55087,195000.0,185741.40711988692,4.7479963487759385,0.002,,Outagamie County,WI,,,,"Outagamie County, WI","$185,741"
55097,198750.0,197733.30351428362,0.5115454016183064,0.0,,Portage County,WI,,,,"Portage County, WI","$197,733"
55101,189900.0,179817.75871165722,5.309237118663916,0.003,,Racine County,WI,,,,"Racine County, WI","$179,818"
55105,198450.0,157666.72682376945,20.550906110471427,0.01,,Rock County,WI,,,,"Rock County, WI","$157,667"
55109,310000.0,271287.30172892794,12.487967184216794,0.004,,St. Croix County,WI,,,,"St. Croix County, WI","$271,287"
55117,185000.0,172614.4050059592,6.694916212995021,0.004,,Sheboygan County,WI,,,,"Sheboygan County, WI","$172,614"
55127,267500.0,215219.037822321,19.54428492623514,0.007,,Walworth County,WI,,,,"Walworth County, WI","$215,219"
55131,269900.0,245511.70274788217,9.03604937092176,0.003,,Washington County,WI,,,,"Washington County, WI","$245,512"
55133,340000.0,284970.8776624982,16.185035981618174,0.005,,Waukesha County,WI,,,,"Waukesha County, WI","$284,971"
55139,175000.0,181845.74945977537,-3.911856834157353,0.002,,Winnebago County,WI,,,,"Winnebago County, WI","$181,846"
55141,120000.0,144984.35109621534,-20.820292580179448,0.017,,Wood County,WI,,,,"Wood County, WI","$144,984"
