,state_fips,county_fips,time_idx_first,time_idx_last,time_idx_first_prediction,0
0,01,01007,6,9,9,22155.203
1,01,01009,6,9,9,-6460.328
2,01,01015,6,9,9,13950.125
3,01,01019,6,9,9,40627.312
4,01,01027,6,9,9,28666.375
5,01,01029,6,9,9,10173.859
6,01,01043,6,9,9,31444.656
7,01,01049,6,9,9,-3132.2344
8,01,01055,6,9,9,28552.14
9,01,01071,6,9,9,-12619.281
10,01,01073,6,9,9,2496.3438
11,01,01079,6,9,9,15319.516
12,01,01083,6,9,9,26146.969
13,01,01089,6,9,9,29110.094
14,01,01095,6,9,9,33202.53
15,01,01103,6,9,9,35001.33
16,01,01111,6,9,9,12363.031
17,01,01115,6,9,9,8513.1875
18,01,01117,6,9,9,18283.0
19,01,01121,6,9,9,23733.234
20,02,02020,6,9,9,-32029.344
21,02,02090,6,9,9,-85902.28
22,02,02122,6,9,9,-7717.375
23,02,02150,6,9,9,-91665.41
24,02,02170,6,9,9,-8095.5312
25,04,04003,6,9,9,43871.453
26,04,04005,6,9,9,144218.03
27,04,04007,6,9,9,67461.0
28,04,04013,6,9,9,70159.22
29,04,04017,6,9,9,71642.28
30,04,04019,6,9,9,27304.312
31,04,04021,6,9,9,68188.375
32,04,04023,6,9,9,17121.781
33,04,04025,6,9,9,51182.03
34,05,05005,6,9,9,38532.625
35,05,05007,6,9,9,49208.844
36,05,05009,6,9,9,-79984.14
37,05,05011,6,9,9,-64756.688
38,05,05015,6,9,9,-24156.406
39,05,05017,6,9,9,-66973.19
40,05,05019,6,9,9,40870.89
41,05,05021,6,9,9,9085.484
42,05,05023,6,9,9,40329.72
43,05,05025,6,9,9,124819.76
44,05,05029,6,9,9,7471.5312
45,05,05031,6,9,9,-9887.922
46,05,05033,6,9,9,68965.47
47,05,05035,6,9,9,-101007.92
48,05,05041,6,9,9,51709.17
49,05,05043,6,9,9,49918.03
50,05,05045,6,9,9,6239.5
51,05,05049,6,9,9,66218.8
52,05,05051,6,9,9,19787.594
53,05,05053,6,9,9,-33629.58
54,05,05055,6,9,9,-5408.2188
55,05,05057,6,9,9,-63069.1
56,05,05059,6,9,9,-16493.078
57,05,05063,6,9,9,16448.266
58,05,05065,6,9,9,19008.672
59,05,05067,6,9,9,27599.227
60,05,05069,6,9,9,-2494.3516
61,05,05071,6,9,9,47668.67
62,05,05075,6,9,9,42168.82
63,05,05079,6,9,9,-18640.953
64,05,05085,6,9,9,10682.672
65,05,05087,6,9,9,27594.156
66,05,05089,6,9,9,25487.5
67,05,05091,6,9,9,-37818.0
68,05,05093,6,9,9,-54849.344
69,05,05097,6,9,9,-30125.703
70,05,05105,6,9,9,-30535.375
71,05,05107,6,9,9,15821.875
72,05,05109,6,9,9,35212.92
73,05,05111,6,9,9,-25028.11
74,05,05113,6,9,9,13864.086
75,05,05115,6,9,9,8526.0
76,05,05117,6,9,9,14499.516
77,05,05119,6,9,9,18438.844
78,05,05121,6,9,9,14304.32
79,05,05125,6,9,9,3105.8438
80,05,05129,6,9,9,179898.55
81,05,05131,6,9,9,56342.797
82,05,05133,6,9,9,89944.984
83,05,05135,6,9,9,54021.96
84,05,05137,6,9,9,22742.984
85,05,05139,4,7,7,-159231.78
86,05,05141,6,9,9,25422.055
87,05,05143,6,9,9,18482.86
88,05,05145,6,9,9,-3353.3906
89,05,05147,6,9,9,2091.0312
90,05,05149,6,9,9,31701.89
91,06,06001,6,9,9,76209.69
92,06,06003,6,9,9,224553.56
93,06,06005,6,9,9,5259.4688
94,06,06007,6,9,9,-19074.5
95,06,06009,6,9,9,13092.625
96,06,06011,6,9,9,23902.688
97,06,06013,6,9,9,45349.875
98,06,06017,6,9,9,13216.8125
99,06,06019,6,9,9,21690.594
100,06,06021,6,9,9,-20802.656
101,06,06029,6,9,9,23321.688
102,06,06033,6,9,9,-2882.5312
103,06,06037,6,9,9,76042.19
104,06,06039,6,9,9,19025.188
105,06,06041,6,9,9,239756.62
106,06,06043,6,9,9,5335.9375
107,06,06047,6,9,9,13026.375
108,06,06053,6,9,9,125890.06
109,06,06055,6,9,9,107079.75
110,06,06057,6,9,9,-8614.625
111,06,06059,6,9,9,124186.25
112,06,06061,6,9,9,51647.562
113,06,06065,6,9,9,57372.562
114,06,06067,6,9,9,4958.8125
115,06,06069,6,9,9,75132.375
116,06,06071,6,9,9,16817.281
117,06,06073,6,9,9,92423.875
118,06,06075,6,9,9,277705.5
119,06,06077,6,9,9,19296.469
120,06,06079,6,9,9,73485.69
121,06,06081,6,9,9,308294.25
122,06,06083,6,9,9,29215.562
123,06,06085,6,9,9,249543.25
124,06,06087,6,9,9,170112.81
125,06,06095,6,9,9,4173.375
126,06,06097,6,9,9,22127.688
127,06,06099,6,9,9,12604.719
128,06,06101,6,9,9,-4454.75
129,06,06111,6,9,9,90772.94
130,06,06113,6,9,9,-23125.75
131,06,06115,6,9,9,6491.7188
132,08,08001,6,9,9,25130.781
133,08,08003,6,9,9,67984.22
134,08,08005,6,9,9,22758.344
135,08,08013,6,9,9,46092.25
136,08,08014,6,9,9,56245.75
137,08,08015,6,9,9,44773.375
138,08,08019,6,9,9,-26413.625
139,08,08021,6,9,9,29614.469
140,08,08023,6,9,9,47896.594
141,08,08031,6,9,9,4962.0
142,08,08035,6,9,9,89240.56
143,08,08037,6,9,9,404791.06
144,08,08039,6,9,9,90955.44
145,08,08041,6,9,9,-107500.375
146,08,08047,6,9,9,82575.31
147,08,08057,6,9,9,236138.17
148,08,08059,6,9,9,40579.188
149,08,08063,6,9,9,110285.3
150,08,08065,6,9,9,128879.41
151,08,08069,6,9,9,40186.97
152,08,08073,6,9,9,6430.6875
153,08,08075,6,9,9,-20359.25
154,08,08087,6,9,9,-1141.2812
155,08,08093,6,9,9,36760.344
156,08,08103,6,9,9,-73684.16
157,08,08107,6,9,9,198692.44
158,08,08109,6,9,9,1845.9062
159,08,08117,6,9,9,316495.62
160,08,08119,6,9,9,-76744.84
161,08,08121,6,9,9,25300.484
162,08,08123,6,9,9,30680.281
163,08,08125,6,9,9,-38193.406
164,09,09001,6,9,9,10266.594
165,09,09003,6,9,9,-4356.4062
166,09,09005,6,9,9,-15487.875
167,09,09007,6,9,9,5102.3125
168,09,09009,6,9,9,-2437.5
169,09,09011,6,9,9,9058.625
170,09,09013,6,9,9,-10326.094
171,09,09015,6,9,9,10156.672
172,10,10001,6,9,9,6001.2188
173,10,10003,6,9,9,-6885.8125
174,11,11001,6,9,9,-34389.75
175,12,12001,6,9,9,-8047.625
176,12,12003,6,9,9,-11065.156
177,12,12007,6,9,9,8645.672
178,12,12009,6,9,9,16302.031
179,12,12011,6,9,9,18452.719
180,12,12015,6,9,9,48230.28
181,12,12017,6,9,9,9982.406
182,12,12019,6,9,9,24755.0
183,12,12021,6,9,9,111793.16
184,12,12027,6,9,9,63011.39
185,12,12031,6,9,9,22058.656
186,12,12033,6,9,9,18448.969
187,12,12035,6,9,9,29715.156
188,12,12037,6,9,9,-14466.4375
189,12,12039,6,9,9,16475.36
190,12,12043,6,9,9,-57379.58
191,12,12051,6,9,9,-202149.9
192,12,12053,6,9,9,33122.734
193,12,12057,6,9,9,41656.594
194,12,12061,6,9,9,11889.094
195,12,12065,6,9,9,19380.906
196,12,12069,6,9,9,46765.406
197,12,12071,6,9,9,-4276.0938
198,12,12073,6,9,9,-14038.3125
199,12,12075,6,9,9,5881.6875
200,12,12077,6,9,9,11273.133
201,12,12079,6,9,9,239998.94
202,12,12081,6,9,9,63977.844
203,12,12083,6,9,9,11404.703
204,12,12085,6,9,9,42364.906
205,12,12086,6,9,9,39423.312
206,12,12087,6,9,9,196278.81
207,12,12089,6,9,9,29247.281
208,12,12091,6,9,9,9395.844
209,12,12093,6,9,9,-20960.14
210,12,12095,6,9,9,24389.719
211,12,12097,6,9,9,45500.53
212,12,12099,6,9,9,26910.594
213,12,12101,6,9,9,34778.5
214,12,12103,6,9,9,31130.406
215,12,12105,6,9,9,25577.625
216,12,12107,6,9,9,-11886.672
217,12,12109,6,9,9,54132.844
218,12,12111,6,9,9,33351.938
219,12,12113,6,9,9,36216.25
220,12,12115,6,9,9,56213.906
221,12,12117,6,9,9,21025.688
222,12,12119,6,9,9,1757.4688
223,12,12123,6,9,9,-11148.328
224,12,12125,6,9,9,-16976.25
225,12,12127,6,9,9,23445.406
226,12,12129,6,9,9,-40198.016
227,12,12131,6,9,9,98891.75
228,13,13009,6,9,9,38864.97
229,13,13011,6,9,9,4876.8125
230,13,13013,6,9,9,41112.5
231,13,13015,6,9,9,7757.4688
232,13,13021,6,9,9,53555.33
233,13,13023,6,9,9,87617.18
234,13,13025,6,9,9,252903.69
235,13,13029,6,9,9,10512.469
236,13,13031,6,9,9,14886.0
237,13,13033,6,9,9,42375.234
238,13,13035,6,9,9,18581.5
239,13,13039,6,9,9,3791.1562
240,13,13043,6,9,9,10227.031
241,13,13045,6,9,9,17640.14
242,13,13049,6,9,9,43105.453
243,13,13051,6,9,9,-15884.625
244,13,13055,6,9,9,29413.734
245,13,13057,6,9,9,42581.406
246,13,13063,6,9,9,39691.938
247,13,13067,6,9,9,26591.969
248,13,13071,6,9,9,170098.88
249,13,13073,6,9,9,-8703.5
250,13,13077,6,9,9,45763.844
251,13,13079,6,9,9,-37564.11
252,13,13085,6,9,9,24570.375
253,13,13087,6,9,9,269205.5
254,13,13089,6,9,9,24501.375
255,13,13091,6,9,9,-17526.75
256,13,13097,6,9,9,38947.22
257,13,13103,6,9,9,3142.875
258,13,13105,6,9,9,49912.92
259,13,13107,6,9,9,28376.281
260,13,13109,6,9,9,132147.19
261,13,13111,6,9,9,130873.03
262,13,13113,6,9,9,5933.0625
263,13,13115,6,9,9,6951.3906
264,13,13117,6,9,9,50883.656
265,13,13119,6,9,9,9913.4375
266,13,13121,6,9,9,27210.469
267,13,13123,6,9,9,114442.97
268,13,13127,6,9,9,94772.25
269,13,13129,6,9,9,21195.953
270,13,13131,5,8,8,-51174.25
271,13,13133,6,9,9,224542.9
272,13,13135,6,9,9,56862.53
273,13,13137,6,9,9,5616.2188
274,13,13139,6,9,9,46726.406
275,13,13141,6,9,9,184037.47
276,13,13143,6,9,9,28408.922
277,13,13147,6,9,9,48375.938
278,13,13149,6,9,9,-19631.969
279,13,13151,6,9,9,38737.812
280,13,13153,6,9,9,2415.5938
281,13,13157,6,9,9,59695.28
282,13,13159,6,9,9,5437.8594
283,13,13163,6,9,9,61650.67
284,13,13165,6,9,9,25693.812
285,13,13167,6,9,9,58544.5
286,13,13169,6,9,9,-34834.92
287,13,13171,6,9,9,14122.297
288,13,13175,6,9,9,-7339.4844
289,13,13179,6,9,9,-8145.6406
290,13,13181,6,9,9,193568.17
291,13,13183,6,9,9,-12060.75
292,13,13187,6,9,9,6712.3438
293,13,13189,6,9,9,-40671.812
294,13,13191,6,9,9,-60801.188
295,13,13193,5,8,8,-3556.2578
296,13,13199,6,9,9,47619.11
297,13,13205,3,6,6,53919.86
298,13,13207,6,9,9,2399.5625
299,13,13209,6,9,9,16370.8125
300,13,13211,6,9,9,67569.28
301,13,13213,6,9,9,26483.719
302,13,13217,6,9,9,36137.72
303,13,13223,6,9,9,41352.562
304,13,13225,6,9,9,55463.266
305,13,13227,6,9,9,271.8125
306,13,13231,6,9,9,-2580.375
307,13,13233,6,9,9,-583.1719
308,13,13235,6,9,9,3883.3594
309,13,13237,6,9,9,-33001.53
310,13,13241,6,9,9,62965.53
311,13,13245,6,9,9,11660.1875
312,13,13247,6,9,9,34165.83
313,13,13251,6,9,9,60262.305
314,13,13255,6,9,9,20657.36
315,13,13257,6,9,9,28411.344
316,13,13271,6,9,9,-62538.58
317,13,13279,6,9,9,-93632.05
318,13,13281,6,9,9,31294.125
319,13,13283,3,6,6,144865.84
320,13,13285,6,9,9,13355.172
321,13,13289,6,9,9,-72235.805
322,13,13291,6,9,9,7647.6562
323,13,13293,6,9,9,24199.953
324,13,13297,6,9,9,32767.219
325,13,13301,6,9,9,235729.47
326,13,13303,6,9,9,-1758.9844
327,13,13311,6,9,9,32709.766
328,13,13313,6,9,9,75064.66
329,13,13317,6,9,9,40112.47
330,15,15001,6,9,9,3316.5312
331,15,15003,6,9,9,59873.0
332,15,15007,6,9,9,355231.88
333,15,15009,6,9,9,209110.06
334,16,16001,6,9,9,99789.5
335,16,16003,6,9,9,815018.0
336,16,16007,6,9,9,164978.02
337,16,16009,6,9,9,85813.16
338,16,16015,6,9,9,109165.44
339,16,16017,6,9,9,122635.25
340,16,16021,6,9,9,123763.59
341,16,16027,6,9,9,67540.69
342,16,16031,6,9,9,18443.266
343,16,16035,6,9,9,211000.72
344,16,16039,6,9,9,46972.062
345,16,16041,6,9,9,35289.344
346,16,16045,6,9,9,117109.125
347,16,16047,6,9,9,133571.4
348,16,16049,6,9,9,49675.72
349,16,16053,6,9,9,80074.55
350,16,16055,6,9,9,105144.22
351,16,16057,6,9,9,-10331.4375
352,16,16061,6,9,9,-4814.8438
353,16,16063,6,9,9,90418.28
354,16,16067,6,9,9,102296.41
355,16,16069,6,9,9,-20770.844
356,16,16073,6,9,9,45788.156
357,16,16075,6,9,9,58118.344
358,16,16079,6,9,9,26934.094
359,16,16083,6,9,9,57705.562
360,16,16085,6,9,9,137893.66
361,16,16087,6,9,9,100523.375
362,17,17005,6,9,9,3224.4844
363,17,17007,6,9,9,-17742.938
364,17,17013,6,9,9,94128.39
365,17,17019,6,9,9,-8631.609
366,17,17027,6,9,9,-3390.0781
367,17,17031,6,9,9,-7384.7812
368,17,17037,6,9,9,1498.1875
369,17,17043,6,9,9,-8136.8438
370,17,17051,6,9,9,23360.117
371,17,17053,6,9,9,8121.6016
372,17,17063,6,9,9,-15974.6875
373,17,17075,6,9,9,-15816.875
374,17,17083,6,9,9,7266.6875
375,17,17085,6,9,9,-102554.36
376,17,17089,6,9,9,-17330.5
377,17,17091,6,9,9,-2640.2344
378,17,17093,6,9,9,6402.7188
379,17,17097,6,9,9,3607.4375
380,17,17099,6,9,9,-2568.8125
381,17,17103,6,9,9,6623.2734
382,17,17105,6,9,9,7326.7344
383,17,17111,6,9,9,4924.5312
384,17,17119,6,9,9,-4682.625
385,17,17133,6,9,9,-4069.6562
386,17,17135,6,9,9,5730.9062
387,17,17157,6,9,9,2416.625
388,17,17163,6,9,9,-4319.3125
389,17,17177,6,9,9,-8344.969
390,17,17189,6,9,9,-3965.5469
391,17,17197,6,9,9,-3386.75
392,17,17201,6,9,9,6929.172
393,18,18005,6,9,9,2125.0
394,18,18011,6,9,9,-5272.5938
395,18,18013,6,9,9,35924.516
396,18,18019,6,9,9,-15587.359
397,18,18025,6,9,9,85503.516
398,18,18029,6,9,9,35235.5
399,18,18031,6,9,9,-18160.328
400,18,18041,6,9,9,-39949.39
401,18,18043,6,9,9,-28880.312
402,18,18047,6,9,9,-11289.266
403,18,18057,6,9,9,16877.625
404,18,18059,6,9,9,18830.11
405,18,18061,6,9,9,38728.734
406,18,18063,6,9,9,29039.75
407,18,18071,6,9,9,53167.945
408,18,18077,6,9,9,14623.406
409,18,18079,6,9,9,6050.2812
410,18,18081,6,9,9,17055.688
411,18,18095,6,9,9,21412.25
412,18,18097,6,9,9,14201.297
413,18,18107,6,9,9,-3272.6562
414,18,18109,6,9,9,5809.0156
415,18,18115,4,7,7,-40108.875
416,18,18117,6,9,9,-4994.1406
417,18,18133,6,9,9,65969.125
418,18,18137,6,9,9,-32087.11
419,18,18139,6,9,9,-3069.125
420,18,18143,6,9,9,10516.0
421,18,18145,6,9,9,19756.688
422,18,18159,6,9,9,-3981.7812
423,18,18177,6,9,9,124739.6
424,19,19001,6,9,9,18160.164
425,19,19009,6,9,9,-19631.797
426,19,19015,6,9,9,-37739.58
427,19,19029,6,9,9,-3350.0625
428,19,19039,6,9,9,24427.781
429,19,19049,6,9,9,-18501.156
430,19,19073,6,9,9,26568.688
431,19,19077,6,9,9,45063.625
432,19,19085,6,9,9,53773.297
433,19,19099,6,9,9,-2541.5625
434,19,19117,6,9,9,-5236.4297
435,19,19121,6,9,9,10547.484
436,19,19125,6,9,9,-6724.328
437,19,19129,6,9,9,-106880.94
438,19,19135,6,9,9,110400.03
439,19,19137,6,9,9,33917.47
440,19,19153,6,9,9,-9893.172
441,19,19155,6,9,9,25481.828
442,19,19169,6,9,9,-24579.875
443,19,19181,6,9,9,-68244.22
444,20,20011,6,9,9,12.515625
445,20,20059,6,9,9,32173.797
446,20,20091,6,9,9,12589.6875
447,20,20103,6,9,9,3934.9062
448,20,20107,6,9,9,7895.8438
449,20,20121,6,9,9,-3915.3125
450,20,20209,6,9,9,1237.6406
451,21,21005,6,9,9,-14082.516
452,21,21011,6,9,9,17906.328
453,21,21013,6,9,9,-23601.867
454,21,21015,6,9,9,20627.562
455,21,21017,6,9,9,-82447.266
456,21,21021,6,9,9,19349.75
457,21,21023,6,9,9,131727.31
458,21,21025,6,9,9,-86529.44
459,21,21029,6,9,9,15055.203
460,21,21037,6,9,9,-1254.375
461,21,21049,6,9,9,-13780.609
462,21,21051,6,9,9,25133.547
463,21,21065,6,9,9,-40721.797
464,21,21067,6,9,9,-6516.0156
465,21,21069,6,9,9,-46039.42
466,21,21073,6,9,9,4253.7656
467,21,21077,6,9,9,-20067.422
468,21,21079,6,9,9,35419.53
469,21,21081,6,9,9,-12465.234
470,21,21095,6,9,9,-16342.234
471,21,21097,6,9,9,-7820.4375
472,21,21109,6,9,9,-30978.992
473,21,21111,6,9,9,-2513.7812
474,21,21113,6,9,9,71821.31
475,21,21117,6,9,9,-3563.6562
476,21,21121,6,9,9,-13861.969
477,21,21125,6,9,9,12361.953
478,21,21135,6,9,9,16898.07
479,21,21137,6,9,9,-19089.031
480,21,21151,6,9,9,3051.3594
481,21,21161,6,9,9,175804.0
482,21,21165,6,9,9,123995.46
483,21,21167,6,9,9,-2769.7344
484,21,21173,6,9,9,43752.906
485,21,21175,6,9,9,19445.695
486,21,21181,6,9,9,53590.836
487,21,21185,6,9,9,-31767.219
488,21,21187,6,9,9,127915.516
489,21,21191,6,9,9,-32350.234
490,21,21197,6,9,9,21094.86
491,21,21201,6,9,9,153157.28
492,21,21203,6,9,9,21599.875
493,21,21205,6,9,9,5351.1875
494,21,21209,6,9,9,-17793.844
495,21,21211,6,9,9,-15304.781
496,21,21215,6,9,9,12415.469
497,21,21235,6,9,9,28013.406
498,21,21237,5,8,8,426885.16
499,21,21239,6,9,9,-96297.91
500,22,22005,6,9,9,-17591.375
501,22,22033,6,9,9,-10183.984
502,22,22037,6,9,9,36156.156
503,22,22047,6,9,9,-4945.6562
504,22,22051,6,9,9,-23307.625
505,22,22063,6,9,9,-730.84375
506,22,22071,6,9,9,4973.75
507,22,22075,6,9,9,46413.594
508,22,22077,6,9,9,61340.312
509,22,22087,6,9,9,13910.297
510,22,22089,6,9,9,-37755.97
511,22,22091,6,9,9,-47165.33
512,22,22093,6,9,9,-27222.39
513,22,22095,6,9,9,-29868.25
514,22,22103,6,9,9,381.03125
515,22,22105,6,9,9,-4709.2344
516,22,22117,6,9,9,26254.453
517,22,22121,6,9,9,2076.0
518,22,22125,6,9,9,-143907.69
519,23,23001,6,9,9,38862.188
520,23,23003,6,9,9,24398.133
521,23,23005,6,9,9,25770.5
522,23,23007,6,9,9,-6716.0312
523,23,23009,6,9,9,5019.0312
524,23,23011,6,9,9,23026.125
525,23,23013,6,9,9,66027.625
526,23,23015,6,9,9,12988.6875
527,23,23017,6,9,9,38751.094
528,23,23019,6,9,9,13824.734
529,23,23021,6,9,9,20909.938
530,23,23023,6,9,9,852.96875
531,23,23025,6,9,9,-1982.7188
532,23,23027,6,9,9,57552.812
533,23,23029,6,9,9,28250.484
534,23,23031,6,9,9,6211.5312
535,24,24001,6,9,9,15380.977
536,24,24003,6,9,9,-11449.5
537,24,24005,6,9,9,-7564.125
538,24,24009,6,9,9,35764.312
539,24,24011,6,9,9,44885.72
540,24,24013,6,9,9,21382.812
541,24,24015,6,9,9,7191.0312
542,24,24017,6,9,9,13788.844
543,24,24019,6,9,9,-1534.3281
544,24,24021,6,9,9,33520.438
545,24,24023,6,9,9,99309.875
546,24,24025,6,9,9,-11180.469
547,24,24027,6,9,9,-22398.188
548,24,24029,6,9,9,59839.78
549,24,24031,6,9,9,-7438.1875
550,24,24033,6,9,9,-4623.5312
551,24,24035,6,9,9,-2134.5312
552,24,24037,6,9,9,-14593.156
553,24,24041,6,9,9,9645.531
554,24,24043,6,9,9,1049.9844
555,24,24510,6,9,9,12855.719
556,25,25001,6,9,9,44411.688
557,25,25005,6,9,9,4972.4062
558,25,25007,6,9,9,358300.75
559,25,25009,6,9,9,21025.312
560,25,25013,6,9,9,-64792.125
561,25,25017,6,9,9,47043.562
562,25,25019,6,9,9,1848061.6
563,25,25021,6,9,9,-5921.3125
564,25,25023,6,9,9,2197.9375
565,25,25025,6,9,9,-18631.438
566,25,25027,6,9,9,7295.0625
567,26,26005,6,9,9,42170.938
568,26,26015,6,9,9,4184.7656
569,26,26017,6,9,9,-28683.11
570,26,26021,6,9,9,-5008.6562
571,26,26023,6,9,9,-3644.0312
572,26,26025,6,9,9,-12967.516
573,26,26027,6,9,9,13434.25
574,26,26035,6,9,9,-14727.453
575,26,26037,6,9,9,-50181.25
576,26,26045,6,9,9,-14735.75
577,26,26049,6,9,9,-9392.578
578,26,26057,6,9,9,-40231.516
579,26,26059,6,9,9,24344.797
580,26,26065,6,9,9,-7566.625
581,26,26067,6,9,9,-8668.375
582,26,26075,6,9,9,-2602.8281
583,26,26077,6,9,9,-4759.2344
584,26,26081,6,9,9,5702.172
585,26,26085,6,9,9,43587.164
586,26,26087,6,9,9,7293.0312
587,26,26091,6,9,9,-28813.812
588,26,26093,6,9,9,-7159.5625
589,26,26099,6,9,9,-11552.578
590,26,26101,6,9,9,-13997.203
591,26,26105,6,9,9,-25959.906
592,26,26107,6,9,9,44561.08
593,26,26111,6,9,9,32083.281
594,26,26115,6,9,9,-22202.938
595,26,26117,6,9,9,2458.9062
596,26,26121,6,9,9,14548.906
597,26,26123,6,9,9,-41406.297
598,26,26125,6,9,9,-390.28125
599,26,26127,6,9,9,66964.61
600,26,26133,6,9,9,8904.0625
601,26,26139,6,9,9,1390.5938
602,26,26145,6,9,9,-23745.625
603,26,26147,6,9,9,-34632.562
604,26,26149,6,9,9,8643.828
605,26,26151,6,9,9,-25215.922
606,26,26155,6,9,9,4524.7188
607,26,26157,6,9,9,5000.047
608,26,26159,6,9,9,10272.406
609,26,26161,6,9,9,-16807.312
610,26,26163,6,9,9,5127.3125
611,27,27001,6,9,9,-12894.25
612,27,27003,6,9,9,-13946.4375
613,27,27005,6,9,9,10300.3125
614,27,27007,6,9,9,-23999.219
615,27,27009,6,9,9,-13145.625
616,27,27011,6,9,9,79405.21
617,27,27015,6,9,9,2611.1797
618,27,27019,6,9,9,46487.75
619,27,27021,6,9,9,-6683.5
620,27,27023,6,9,9,84308.17
621,27,27025,6,9,9,1882.8125
622,27,27029,6,9,9,41017.61
623,27,27033,6,9,9,29896.844
624,27,27035,6,9,9,56191.64
625,27,27037,6,9,9,-5842.0938
626,27,27039,6,9,9,-11348.297
627,27,27041,6,9,9,10270.5
628,27,27043,6,9,9,26858.945
629,27,27045,6,9,9,-1101.7812
630,27,27047,6,9,9,13518.891
631,27,27049,6,9,9,11418.922
632,27,27051,6,9,9,5991.6562
633,27,27053,6,9,9,-19988.156
634,27,27055,6,9,9,39343.203
635,27,27057,6,9,9,61610.438
636,27,27059,6,9,9,-14835.875
637,27,27061,6,9,9,-11976.1875
638,27,27063,6,9,9,-70179.375
639,27,27065,6,9,9,54007.984
640,27,27067,6,9,9,1874.3906
641,27,27069,6,9,9,-40765.992
642,27,27071,6,9,9,29903.664
643,27,27073,6,9,9,14746.414
644,27,27077,6,9,9,19830.297
645,27,27079,6,9,9,-31759.156
646,27,27081,6,9,9,-85924.625
647,27,27083,6,9,9,-21098.125
648,27,27085,6,9,9,-7973.4062
649,27,27087,5,8,8,20442.672
650,27,27089,6,9,9,-12389.344
651,27,27091,6,9,9,4105.172
652,27,27093,6,9,9,12179.844
653,27,27095,6,9,9,-4353.1406
654,27,27097,6,9,9,15960.766
655,27,27099,6,9,9,1080.5312
656,27,27101,6,9,9,44434.82
657,27,27105,6,9,9,42200.734
658,27,27109,6,9,9,-3193.5312
659,27,27111,6,9,9,45630.562
660,27,27113,6,9,9,16365.422
661,27,27115,6,9,9,8586.359
662,27,27117,6,9,9,-7551.4688
663,27,27121,6,9,9,50622.938
664,27,27123,6,9,9,-6321.6875
665,27,27127,6,9,9,22309.031
666,27,27129,6,9,9,-23331.062
667,27,27131,6,9,9,-22848.344
668,27,27133,6,9,9,30862.297
669,27,27135,6,9,9,97212.336
670,27,27139,6,9,9,1288.0625
671,27,27141,6,9,9,-2730.5625
672,27,27143,6,9,9,-21564.031
673,27,27145,6,9,9,12301.594
674,27,27147,6,9,9,28685.984
675,27,27149,6,9,9,19308.266
676,27,27151,6,9,9,-40485.625
677,27,27153,6,9,9,38984.72
678,27,27157,6,9,9,-1590.75
679,27,27159,6,9,9,23249.516
680,27,27161,6,9,9,36189.766
681,27,27163,6,9,9,-17114.562
682,27,27165,6,9,9,-35780.08
683,27,27169,6,9,9,-4397.5938
684,27,27171,6,9,9,28746.406
685,27,27173,6,9,9,-20867.781
686,28,28001,6,9,9,358575.75
687,28,28007,6,9,9,82497.39
688,28,28009,6,9,9,-48113.17
689,28,28027,6,9,9,-79571.19
690,28,28029,6,9,9,-40220.594
691,28,28033,6,9,9,22298.625
692,28,28039,6,9,9,-18681.984
693,28,28041,6,9,9,32734.445
694,28,28045,6,9,9,13627.297
695,28,28047,6,9,9,-21534.219
696,28,28049,6,9,9,23074.531
697,28,28051,6,9,9,-61541.234
698,28,28059,6,9,9,-23020.453
699,28,28065,6,9,9,-25738.648
700,28,28067,6,9,9,39007.0
701,28,28071,6,9,9,922.875
702,28,28079,6,9,9,6895.617
703,28,28089,6,9,9,18313.594
704,28,28093,6,9,9,67182.16
705,28,28097,6,9,9,-103248.82
706,28,28107,6,9,9,107504.89
707,28,28109,6,9,9,-10097.281
708,28,28111,6,9,9,112487.875
709,28,28121,6,9,9,-4650.1094
710,28,28123,6,9,9,-49793.047
711,28,28127,6,9,9,88499.22
712,28,28129,6,9,9,-71814.89
713,28,28131,6,9,9,-44415.234
714,28,28135,4,7,7,89603.88
715,28,28137,6,9,9,-8033.875
716,28,28139,5,8,8,-40659.094
717,28,28143,6,9,9,11659.016
718,28,28149,6,9,9,-135119.03
719,28,28151,6,9,9,-66911.85
720,28,28163,6,9,9,40290.35
721,29,29003,6,9,9,22127.0
722,29,29013,6,9,9,-19996.094
723,29,29017,6,9,9,47439.36
724,29,29021,6,9,9,-13994.547
725,29,29023,6,9,9,-2550.7188
726,29,29025,6,9,9,202355.47
727,29,29031,6,9,9,17621.469
728,29,29037,6,9,9,14680.656
729,29,29047,6,9,9,3028.1875
730,29,29049,6,9,9,-4228.7188
731,29,29055,6,9,9,1881.7188
732,29,29061,6,9,9,-28401.438
733,29,29063,6,9,9,106642.734
734,29,29065,6,9,9,-21899.96
735,29,29071,6,9,9,-11319.609
736,29,29073,6,9,9,18685.484
737,29,29095,6,9,9,13972.25
738,29,29099,6,9,9,5766.6094
739,29,29101,6,9,9,-6602.8125
740,29,29107,6,9,9,15870.906
741,29,29113,6,9,9,-2816.5781
742,29,29123,6,9,9,26850.188
743,29,29125,6,9,9,-57196.656
744,29,29139,6,9,9,38655.633
745,29,29157,6,9,9,-1643.8125
746,29,29161,6,9,9,26880.328
747,29,29163,6,9,9,47510.65
748,29,29165,6,9,9,29877.719
749,29,29169,6,9,9,-12531.391
750,29,29177,6,9,9,11550.891
751,29,29181,6,9,9,72254.74
752,29,29183,6,9,9,4045.5
753,29,29186,6,9,9,48244.047
754,29,29187,6,9,9,-14777.031
755,29,29189,6,9,9,-6020.6406
756,29,29201,6,9,9,14740.6875
757,29,29207,6,9,9,2103.461
758,29,29215,6,9,9,73289.71
759,29,29217,6,9,9,3006.2422
760,29,29219,6,9,9,48810.53
761,29,29221,6,9,9,5576.25
762,29,29510,6,9,9,-4277.5
763,31,31025,6,9,9,-45635.14
764,31,31053,6,9,9,-10661.953
765,31,31055,6,9,9,-390.14062
766,31,31067,6,9,9,10700.4375
767,31,31095,6,9,9,-40822.29
768,31,31109,6,9,9,973.65625
769,31,31151,6,9,9,36836.08
770,31,31153,6,9,9,-9381.844
771,31,31155,6,9,9,38215.86
772,31,31177,6,9,9,13965.234
773,32,32001,6,9,9,38145.312
774,32,32003,6,9,9,36477.688
775,32,32005,6,9,9,130617.06
776,32,32011,6,9,9,69500.25
777,32,32013,6,9,9,-36408.97
778,32,32015,6,9,9,75574.625
779,32,32019,6,9,9,2973.0938
780,32,32021,6,9,9,-25469.86
781,32,32023,6,9,9,22829.5
782,32,32027,3,6,6,-83047.12
783,32,32029,6,9,9,157679.72
784,32,32031,6,9,9,24201.25
785,32,32033,6,9,9,98837.62
786,32,32510,6,9,9,3296.125
787,33,33001,6,9,9,52448.5
788,33,33003,6,9,9,13725.6875
789,33,33005,6,9,9,44456.78
790,33,33007,6,9,9,59408.67
791,33,33009,6,9,9,11167.6875
792,33,33011,6,9,9,11683.281
793,33,33013,6,9,9,33784.594
794,33,33015,6,9,9,39618.312
795,33,33017,6,9,9,40243.97
796,33,33019,6,9,9,60304.188
797,34,34001,6,9,9,-648.9375
798,34,34003,6,9,9,-26401.438
799,34,34005,6,9,9,4781.0
800,34,34007,6,9,9,15116.0
801,34,34009,6,9,9,73293.69
802,34,34011,6,9,9,1299.875
803,34,34013,6,9,9,21410.531
804,34,34015,6,9,9,12869.0
805,34,34017,6,9,9,-2181.1875
806,34,34019,6,9,9,5191.6562
807,34,34021,6,9,9,-7644.0938
808,34,34023,6,9,9,-15295.906
809,34,34025,6,9,9,21486.062
810,34,34027,6,9,9,-7448.4062
811,34,34029,6,9,9,25036.281
812,34,34031,6,9,9,4434.0312
813,34,34033,6,9,9,12972.266
814,34,34035,6,9,9,-30266.562
815,34,34037,6,9,9,15697.906
816,34,34039,6,9,9,-20292.906
817,34,34041,6,9,9,-3889.1875
818,35,35028,6,9,9,-21060.219
819,35,35047,6,9,9,45487.375
820,35,35049,6,9,9,52042.5
821,35,35053,6,9,9,21792.406
822,36,36001,6,9,9,-14051.781
823,36,36003,6,9,9,5012.867
824,36,36005,6,9,9,-19274.25
825,36,36009,6,9,9,9268.289
826,36,36011,6,9,9,17616.39
827,36,36013,6,9,9,4577.3203
828,36,36023,6,9,9,11092.3125
829,36,36027,6,9,9,-16502.0
830,36,36029,6,9,9,7667.5625
831,36,36035,6,9,9,-5619.9375
832,36,36037,6,9,9,23762.484
833,36,36043,6,9,9,5435.078
834,36,36045,6,9,9,24945.64
835,36,36047,6,9,9,110948.81
836,36,36049,6,9,9,10853.297
837,36,36051,6,9,9,-14663.547
838,36,36053,6,9,9,-30557.031
839,36,36055,6,9,9,1092.6094
840,36,36057,6,9,9,83547.34
841,36,36059,6,9,9,33316.75
842,36,36061,6,9,9,142600.12
843,36,36063,6,9,9,11896.453
844,36,36065,6,9,9,10090.984
845,36,36067,6,9,9,-6319.828
846,36,36069,6,9,9,21288.125
847,36,36071,6,9,9,378.8125
848,36,36073,6,9,9,8300.805
849,36,36075,6,9,9,6016.625
850,36,36079,6,9,9,-25064.469
851,36,36081,6,9,9,-1751.0625
852,36,36083,6,9,9,2809.1719
853,36,36085,6,9,9,-4125.3125
854,36,36087,6,9,9,-6258.4375
855,36,36091,6,9,9,-4854.5938
856,36,36093,6,9,9,-3560.5469
857,36,36095,6,9,9,13946.625
858,36,36099,6,9,9,-14103.25
859,36,36101,6,9,9,25640.633
860,36,36103,6,9,9,1312.375
861,36,36105,6,9,9,55801.266
862,36,36111,6,9,9,25978.156
863,36,36113,6,9,9,-18858.766
864,36,36115,6,9,9,-11034.75
865,36,36117,6,9,9,-12654.375
866,36,36119,6,9,9,30076.5
867,36,36121,6,9,9,27267.281
868,36,36123,6,9,9,-14895.6875
869,37,37001,6,9,9,30498.828
870,37,37003,6,9,9,-32136.484
871,37,37005,6,9,9,39626.812
872,37,37007,6,9,9,-28124.11
873,37,37009,6,9,9,-8556.422
874,37,37021,6,9,9,10308.156
875,37,37025,6,9,9,23210.75
876,37,37033,6,9,9,-94120.16
877,37,37035,6,9,9,7497.25
878,37,37037,6,9,9,11587.1875
879,37,37039,6,9,9,12177.672
880,37,37043,6,9,9,13735.75
881,37,37057,6,9,9,12590.859
882,37,37059,6,9,9,-17256.75
883,37,37063,6,9,9,47988.03
884,37,37067,6,9,9,8125.703
885,37,37069,6,9,9,2274.3438
886,37,37071,6,9,9,18959.406
887,37,37077,6,9,9,-29872.188
888,37,37081,6,9,9,1032.9688
889,37,37085,6,9,9,33946.688
890,37,37087,6,9,9,19591.0
891,37,37089,6,9,9,19681.969
892,37,37097,6,9,9,13978.656
893,37,37101,6,9,9,33619.062
894,37,37105,6,9,9,12347.531
895,37,37109,6,9,9,4411.4688
896,37,37111,6,9,9,17577.094
897,37,37113,6,9,9,-84762.0
898,37,37115,6,9,9,21537.125
899,37,37119,6,9,9,37351.78
900,37,37121,6,9,9,-83308.28
901,37,37123,6,9,9,86813.22
902,37,37125,6,9,9,21797.0
903,37,37135,6,9,9,11445.594
904,37,37145,6,9,9,12463.531
905,37,37149,6,9,9,55122.375
906,37,37151,6,9,9,10611.344
907,37,37157,6,9,9,5386.8125
908,37,37159,6,9,9,-7604.3438
909,37,37161,6,9,9,23948.812
910,37,37167,6,9,9,22732.875
911,37,37169,6,9,9,28706.953
912,37,37171,6,9,9,29881.375
913,37,37179,6,9,9,49430.656
914,37,37181,6,9,9,71870.16
915,37,37183,6,9,9,23086.75
916,37,37193,6,9,9,16016.844
917,37,37197,6,9,9,-18088.172
918,37,37199,6,9,9,54880.78
919,39,39001,6,9,9,8475.883
920,39,39003,6,9,9,26251.531
921,39,39005,6,9,9,22940.547
922,39,39007,6,9,9,26291.656
923,39,39009,6,9,9,24930.39
924,39,39011,6,9,9,-6281.25
925,39,39015,6,9,9,-2620.4844
926,39,39017,6,9,9,-1453.7656
927,39,39019,6,9,9,-8796.4375
928,39,39021,6,9,9,-8848.906
929,39,39023,6,9,9,3021.6719
930,39,39025,6,9,9,1665.5625
931,39,39027,6,9,9,668.0781
932,39,39029,6,9,9,4515.1562
933,39,39031,6,9,9,-576.3047
934,39,39033,6,9,9,-5618.3438
935,39,39035,6,9,9,8027.7812
936,39,39037,6,9,9,10120.484
937,39,39039,6,9,9,8197.594
938,39,39041,6,9,9,1071.4062
939,39,39043,6,9,9,53887.58
940,39,39045,6,9,9,19845.281
941,39,39047,6,9,9,1234.6719
942,39,39049,6,9,9,10512.734
943,39,39051,6,9,9,2957.6094
944,39,39053,6,9,9,43327.72
945,39,39055,6,9,9,-41749.47
946,39,39057,6,9,9,1355.0469
947,39,39061,6,9,9,3848.2969
948,39,39063,6,9,9,21319.047
949,39,39065,6,9,9,-9219.93
950,39,39069,6,9,9,28659.656
951,39,39071,6,9,9,-779.71875
952,39,39073,6,9,9,21313.812
953,39,39075,6,9,9,-40688.36
954,39,39077,6,9,9,4831.7344
955,39,39083,6,9,9,44869.266
956,39,39085,6,9,9,-17804.953
957,39,39089,6,9,9,14844.375
958,39,39091,6,9,9,15338.016
959,39,39093,6,9,9,-25733.312
960,39,39095,6,9,9,-724.34375
961,39,39097,6,9,9,44457.22
962,39,39099,6,9,9,1614.875
963,39,39101,6,9,9,16577.547
964,39,39103,6,9,9,-13912.906
965,39,39107,6,9,9,459.25
966,39,39109,6,9,9,5688.5625
967,39,39113,6,9,9,8310.953
968,39,39115,6,9,9,-72749.984
969,39,39117,6,9,9,-5734.2812
970,39,39119,6,9,9,-20298.594
971,39,39123,6,9,9,-14251.5
972,39,39125,6,9,9,14708.016
973,39,39127,6,9,9,11674.672
974,39,39129,6,9,9,12859.375
975,39,39133,6,9,9,7026.297
976,39,39135,6,9,9,4953.578
977,39,39137,6,9,9,3873.875
978,39,39139,6,9,9,-28859.61
979,39,39141,6,9,9,41590.03
980,39,39143,6,9,9,4076.5156
981,39,39147,6,9,9,7787.586
982,39,39149,6,9,9,2946.7812
983,39,39151,6,9,9,-2620.7969
984,39,39153,6,9,9,9903.0625
985,39,39155,6,9,9,12667.539
986,39,39159,6,9,9,26752.406
987,39,39161,6,9,9,-74417.38
988,39,39163,6,9,9,-12631.219
989,39,39165,6,9,9,6442.4688
990,39,39169,6,9,9,-4164.1406
991,39,39171,6,9,9,-19386.297
992,39,39173,6,9,9,-30690.39
993,39,39175,6,9,9,42499.08
994,40,40001,6,9,9,28576.14
995,40,40005,6,9,9,78644.47
996,40,40013,6,9,9,-25166.156
997,40,40015,6,9,9,63395.453
998,40,40017,6,9,9,-13376.703
999,40,40019,6,9,9,-3311.9062
1000,40,40021,6,9,9,-38.078125
1001,40,40023,6,9,9,48687.984
1002,40,40027,6,9,9,-6880.078
1003,40,40035,6,9,9,97890.34
1004,40,40037,6,9,9,8076.9844
1005,40,40041,6,9,9,54201.797
1006,40,40047,6,9,9,-106031.25
1007,40,40049,6,9,9,31906.344
1008,40,40051,6,9,9,28569.469
1009,40,40061,6,9,9,102151.734
1010,40,40063,6,9,9,39164.312
1011,40,40073,6,9,9,-77516.09
1012,40,40077,6,9,9,84419.53
1013,40,40079,6,9,9,-19586.5
1014,40,40081,6,9,9,27516.656
1015,40,40083,6,9,9,-26803.625
1016,40,40085,6,9,9,-41801.36
1017,40,40087,6,9,9,-15989.703
1018,40,40089,6,9,9,188401.34
1019,40,40091,6,9,9,-19552.953
1020,40,40095,6,9,9,-147920.02
1021,40,40097,6,9,9,-19306.203
1022,40,40099,6,9,9,60135.906
1023,40,40101,6,9,9,-10708.172
1024,40,40105,6,9,9,52925.18
1025,40,40107,6,9,9,27407.328
1026,40,40109,6,9,9,-9101.156
1027,40,40111,6,9,9,15762.078
1028,40,40113,6,9,9,9378.516
1029,40,40115,6,9,9,36359.633
1030,40,40117,6,9,9,-27936.89
1031,40,40119,6,9,9,50250.0
1032,40,40121,6,9,9,-13915.844
1033,40,40123,6,9,9,8219.391
1034,40,40125,6,9,9,19612.75
1035,40,40131,6,9,9,-2177.3594
1036,40,40133,6,9,9,44751.15
1037,40,40135,6,9,9,17625.469
1038,40,40143,6,9,9,-14143.984
1039,40,40145,6,9,9,6500.7188
1040,40,40147,6,9,9,22356.781
1041,41,41001,6,9,9,25495.14
1042,41,41003,6,9,9,29730.875
1043,41,41005,6,9,9,17776.875
1044,41,41009,6,9,9,30302.688
1045,41,41011,6,9,9,19206.531
1046,41,41013,6,9,9,36044.72
1047,41,41015,6,9,9,-24688.344
1048,41,41017,6,9,9,87832.375
1049,41,41019,6,9,9,-4503.3125
1050,41,41021,6,9,9,47030.08
1051,41,41023,6,9,9,101093.81
1052,41,41027,6,9,9,-48101.938
1053,41,41029,6,9,9,-6352.0938
1054,41,41031,6,9,9,-11883.5625
1055,41,41033,6,9,9,-21344.812
1056,41,41035,6,9,9,17895.422
1057,41,41039,6,9,9,8708.844
1058,41,41043,6,9,9,3740.1562
1059,41,41045,6,9,9,-1551.7188
1060,41,41047,6,9,9,5657.375
1061,41,41051,6,9,9,-26640.875
1062,41,41053,6,9,9,19825.75
1063,41,41055,5,8,8,92160.72
1064,41,41059,6,9,9,6884.7812
1065,41,41061,6,9,9,-11704.3125
1066,41,41063,6,9,9,78863.22
1067,41,41065,6,9,9,22483.75
1068,41,41067,6,9,9,21893.0
1069,41,41069,5,8,8,45917.383
1070,41,41071,6,9,9,-16643.719
1071,42,42001,6,9,9,3815.75
1072,42,42003,6,9,9,-7790.625
1073,42,42005,6,9,9,-6110.2344
1074,42,42007,6,9,9,-9816.9375
1075,42,42011,6,9,9,5370.125
1076,42,42017,6,9,9,721.5
1077,42,42019,6,9,9,-41791.656
1078,42,42029,6,9,9,12237.375
1079,42,42041,6,9,9,-2064.6094
1080,42,42043,6,9,9,22622.203
1081,42,42045,6,9,9,5049.2656
1082,42,42051,6,9,9,4728.547
1083,42,42055,6,9,9,-18413.61
1084,42,42057,6,9,9,-28089.797
1085,42,42059,6,9,9,-10973.875
1086,42,42063,6,9,9,19591.188
1087,42,42067,6,9,9,21989.188
1088,42,42069,6,9,9,-36114.08
1089,42,42071,6,9,9,13733.266
1090,42,42073,6,9,9,14137.898
1091,42,42075,6,9,9,-14135.047
1092,42,42077,6,9,9,37126.516
1093,42,42085,6,9,9,22674.438
1094,42,42091,6,9,9,-495.15625
1095,42,42095,6,9,9,6978.0625
1096,42,42099,6,9,9,-10997.391
1097,42,42101,6,9,9,-2167.5938
1098,42,42107,6,9,9,-10636.672
1099,42,42111,6,9,9,13075.016
1100,42,42115,6,9,9,-139987.02
1101,42,42125,6,9,9,16738.25
1102,42,42129,6,9,9,6268.328
1103,42,42131,6,9,9,-62796.766
1104,42,42133,6,9,9,-1681.4531
1105,44,44001,6,9,9,49225.188
1106,44,44003,6,9,9,3399.4688
1107,44,44005,6,9,9,63996.062
1108,44,44007,6,9,9,21465.125
1109,44,44009,6,9,9,51492.406
1110,45,45001,6,9,9,-28171.75
1111,45,45003,6,9,9,19640.922
1112,45,45007,6,9,9,-2962.7344
1113,45,45013,6,9,9,-94888.81
1114,45,45015,6,9,9,28443.312
1115,45,45019,6,9,9,46650.47
1116,45,45021,6,9,9,8049.625
1117,45,45023,6,9,9,10521.797
1118,45,45027,6,9,9,98303.69
1119,45,45029,6,9,9,-18956.25
1120,45,45031,6,9,9,123351.46
1121,45,45033,6,9,9,-28846.0
1122,45,45035,6,9,9,12199.875
1123,45,45037,6,9,9,49593.375
1124,45,45041,6,9,9,-41912.625
1125,45,45043,6,9,9,-5789.6562
1126,45,45045,6,9,9,18588.219
1127,45,45047,5,8,8,-42182.938
1128,45,45049,6,9,9,39438.055
1129,45,45051,6,9,9,1920.0625
1130,45,45057,6,9,9,1094.7188
1131,45,45059,6,9,9,53237.92
1132,45,45065,6,9,9,138958.42
1133,45,45067,6,9,9,67570.58
1134,45,45069,6,9,9,96978.04
1135,45,45071,6,9,9,90598.36
1136,45,45073,6,9,9,-10508.375
1137,45,45075,6,9,9,-22771.797
1138,45,45077,6,9,9,27809.312
1139,45,45083,6,9,9,4404.297
1140,45,45087,6,9,9,47121.625
1141,45,45089,6,9,9,15525.484
1142,45,45091,6,9,9,-7148.9375
1143,47,47001,6,9,9,53340.203
1144,47,47003,6,9,9,24771.969
1145,47,47007,6,9,9,12936.922
1146,47,47009,6,9,9,48457.72
1147,47,47011,6,9,9,-1801.4688
1148,47,47013,6,9,9,62232.484
1149,47,47015,6,9,9,50944.188
1150,47,47021,6,9,9,58749.375
1151,47,47025,6,9,9,-28885.031
1152,47,47027,6,9,9,-55225.297
1153,47,47029,6,9,9,142140.67
1154,47,47031,6,9,9,31082.078
1155,47,47035,6,9,9,39776.39
1156,47,47037,6,9,9,40633.812
1157,47,47041,6,9,9,8553.203
1158,47,47043,6,9,9,22979.531
1159,47,47047,6,9,9,19544.281
1160,47,47049,6,9,9,68165.08
1161,47,47051,6,9,9,1906.4531
1162,47,47055,6,9,9,34713.797
1163,47,47057,6,9,9,78385.516
1164,47,47061,6,9,9,45310.0
1165,47,47063,6,9,9,-11984.969
1166,47,47069,6,9,9,30656.625
1167,47,47071,6,9,9,11808.875
1168,47,47073,6,9,9,-133225.28
1169,47,47081,6,9,9,28270.188
1170,47,47083,6,9,9,-28457.938
1171,47,47085,6,9,9,12806.9375
1172,47,47087,6,9,9,130755.53
1173,47,47089,6,9,9,21953.094
1174,47,47093,6,9,9,32164.438
1175,47,47097,6,9,9,19440.828
1176,47,47099,6,9,9,24342.906
1177,47,47101,6,9,9,2364.4062
1178,47,47103,6,9,9,3259.6875
1179,47,47105,6,9,9,16952.281
1180,47,47107,6,9,9,-66498.41
1181,47,47109,6,9,9,24412.469
1182,47,47111,6,9,9,16603.61
1183,47,47117,6,9,9,-12944.781
1184,47,47119,6,9,9,53290.156
1185,47,47121,6,9,9,-109869.22
1186,47,47123,6,9,9,62424.67
1187,47,47125,6,9,9,19585.016
1188,47,47127,6,9,9,127303.34
1189,47,47129,6,9,9,-15348.922
1190,47,47133,6,9,9,91592.5
1191,47,47135,6,9,9,336.5
1192,47,47139,6,9,9,-14036.594
1193,47,47141,6,9,9,-19963.438
1194,47,47143,6,9,9,-61686.0
1195,47,47145,6,9,9,62923.03
1196,47,47147,6,9,9,33188.28
1197,47,47149,6,9,9,46068.906
1198,47,47151,6,9,9,-7060.047
1199,47,47155,6,9,9,147394.4
1200,47,47157,6,9,9,28874.156
1201,47,47159,6,9,9,56966.28
1202,47,47161,6,9,9,29588.734
1203,47,47163,6,9,9,38277.86
1204,47,47165,6,9,9,34816.72
1205,47,47167,6,9,9,32835.797
1206,47,47169,6,9,9,9139.8125
1207,47,47173,6,9,9,29137.828
1208,47,47177,6,9,9,87892.47
1209,47,47181,6,9,9,296070.97
1210,47,47185,6,9,9,8955.047
1211,47,47187,6,9,9,154614.31
1212,47,47189,6,9,9,35459.594
1213,48,48007,6,9,9,7971.9688
1214,48,48013,6,9,9,-22222.844
1215,48,48015,6,9,9,-43835.594
1216,48,48019,6,9,9,46106.22
1217,48,48021,6,9,9,67327.69
1218,48,48027,6,9,9,13744.469
1219,48,48029,6,9,9,10108.844
1220,48,48031,6,9,9,-116434.31
1221,48,48037,5,8,8,60969.484
1222,48,48039,6,9,9,13979.5625
1223,48,48049,6,9,9,21229.344
1224,48,48053,6,9,9,239917.53
1225,48,48055,6,9,9,20796.75
1226,48,48057,6,9,9,32746.75
1227,48,48059,6,9,9,6808.7344
1228,48,48067,6,9,9,-44.453125
1229,48,48071,6,9,9,-558.84375
1230,48,48085,6,9,9,56773.375
1231,48,48089,6,9,9,-60121.438
1232,48,48091,6,9,9,61755.438
1233,48,48093,6,9,9,33619.08
1234,48,48097,6,9,9,-26761.594
1235,48,48099,6,9,9,12708.844
1236,48,48113,6,9,9,9129.125
1237,48,48119,6,9,9,4730.4688
1238,48,48121,6,9,9,31420.312
1239,48,48123,6,9,9,-111887.55
1240,48,48133,6,9,9,70763.07
1241,48,48139,6,9,9,28458.531
1242,48,48141,6,9,9,-3246.8125
1243,48,48143,6,9,9,67499.875
1244,48,48145,6,9,9,-5016.453
1245,48,48147,6,9,9,30918.953
1246,48,48149,6,9,9,26146.25
1247,48,48157,6,9,9,20283.438
1248,48,48163,5,8,8,11098.641
1249,48,48167,6,9,9,-1284.5625
1250,48,48171,6,9,9,1152964.4
1251,48,48175,6,9,9,-65483.64
1252,48,48177,6,9,9,-8886.234
1253,48,48181,6,9,9,50911.453
1254,48,48187,6,9,9,21682.406
1255,48,48193,6,9,9,75055.17
1256,48,48201,6,9,9,10496.25
1257,48,48207,6,9,9,12635.227
1258,48,48209,6,9,9,57204.28
1259,48,48213,6,9,9,29334.375
1260,48,48215,6,9,9,16315.078
1261,48,48217,6,9,9,46786.484
1262,48,48221,6,9,9,-3128.0
1263,48,48223,6,9,9,-34353.72
1264,48,48225,6,9,9,36171.953
1265,48,48231,6,9,9,45722.61
1266,48,48237,6,9,9,-130458.97
1267,48,48239,6,9,9,190766.73
1268,48,48245,6,9,9,84333.67
1269,48,48251,6,9,9,30982.125
1270,48,48253,6,9,9,24417.875
1271,48,48255,5,8,8,-51724.562
1272,48,48257,6,9,9,30649.844
1273,48,48259,6,9,9,81971.22
1274,48,48281,6,9,9,40484.47
1275,48,48285,6,9,9,30106.328
1276,48,48287,6,9,9,53147.062
1277,48,48289,6,9,9,164819.61
1278,48,48291,6,9,9,-21019.36
1279,48,48299,6,9,9,135052.25
1280,48,48313,6,9,9,168088.78
1281,48,48325,6,9,9,-85675.66
1282,48,48331,6,9,9,9951.484
1283,48,48333,6,9,9,-111403.09
1284,48,48337,6,9,9,60925.953
1285,48,48339,6,9,9,7469.4375
1286,48,48349,6,9,9,4443.0156
1287,48,48353,6,9,9,34102.08
1288,48,48363,6,9,9,-3264.8594
1289,48,48367,6,9,9,49124.812
1290,48,48373,6,9,9,19797.688
1291,48,48397,6,9,9,47768.594
1292,48,48407,6,9,9,-64063.516
1293,48,48425,6,9,9,135894.03
1294,48,48427,6,9,9,-13837.125
1295,48,48429,6,9,9,24352.547
1296,48,48439,6,9,9,25645.656
1297,48,48441,6,9,9,-2167.0938
1298,48,48453,6,9,9,66562.78
1299,48,48463,6,9,9,-2341.7969
1300,48,48469,6,9,9,-12095.094
1301,48,48471,6,9,9,-40069.656
1302,48,48473,6,9,9,1909.5312
1303,48,48477,6,9,9,-24090.25
1304,48,48481,6,9,9,23459.219
1305,48,48491,6,9,9,82685.75
1306,48,48493,6,9,9,6121.1562
1307,48,48497,6,9,9,40878.5
1308,48,48503,6,9,9,42633.703
1309,49,49003,6,9,9,33190.594
1310,49,49005,6,9,9,85683.34
1311,49,49007,6,9,9,51863.92
1312,49,49011,6,9,9,72440.5
1313,49,49013,6,9,9,44533.484
1314,49,49015,6,9,9,60937.344
1315,49,49017,6,9,9,-319514.2
1316,49,49019,6,9,9,83695.375
1317,49,49021,6,9,9,75014.5
1318,49,49023,6,9,9,-67805.91
1319,49,49027,6,9,9,70134.55
1320,49,49029,6,9,9,38325.938
1321,49,49033,6,9,9,109045.81
1322,49,49035,6,9,9,63060.53
1323,49,49039,6,9,9,1375.6875
1324,49,49041,6,9,9,98668.19
1325,49,49043,6,9,9,609653.5
1326,49,49045,6,9,9,64035.97
1327,49,49047,6,9,9,27218.86
1328,49,49049,6,9,9,85551.78
1329,49,49051,6,9,9,363780.38
1330,49,49053,6,9,9,91434.0
1331,49,49055,6,9,9,136672.47
1332,49,49057,6,9,9,39117.875
1333,50,50001,6,9,9,20277.75
1334,50,50003,6,9,9,88750.16
1335,50,50005,6,9,9,40080.125
1336,50,50007,6,9,9,-5259.6875
1337,50,50009,6,9,9,-16031.078
1338,50,50011,6,9,9,2142.8438
1339,50,50013,6,9,9,-5130.5625
1340,50,50015,6,9,9,-28694.844
1341,50,50017,6,9,9,2490.0938
1342,50,50019,6,9,9,43343.67
1343,50,50021,6,9,9,43039.562
1344,50,50023,6,9,9,-5857.3125
1345,50,50025,6,9,9,37514.72
1346,50,50027,6,9,9,-45050.22
1347,51,51007,6,9,9,59422.062
1348,51,51013,6,9,9,21444.188
1349,51,51033,6,9,9,-8450.469
1350,51,51036,6,9,9,-13270.5625
1351,51,51041,6,9,9,-12481.375
1352,51,51043,6,9,9,118136.19
1353,51,51047,6,9,9,6256.625
1354,51,51049,6,9,9,-10169.719
1355,51,51053,6,9,9,-18107.078
1356,51,51057,6,9,9,5390.1406
1357,51,51059,6,9,9,6941.1875
1358,51,51061,6,9,9,26868.531
1359,51,51069,6,9,9,31646.75
1360,51,51073,6,9,9,-4660.0625
1361,51,51075,6,9,9,30578.438
1362,51,51085,6,9,9,-36477.656
1363,51,51087,6,9,9,-27156.281
1364,51,51093,6,9,9,-43910.094
1365,51,51097,6,9,9,51658.156
1366,51,51099,6,9,9,8211.094
1367,51,51101,6,9,9,-2665.7188
1368,51,51103,6,9,9,-344193.0
1369,51,51107,6,9,9,52239.25
1370,51,51109,6,9,9,6765.4375
1371,51,51113,6,9,9,-33026.688
1372,51,51119,6,9,9,37426.906
1373,51,51127,6,9,9,-21469.688
1374,51,51131,6,9,9,1790560.8
1375,51,51133,6,9,9,218322.73
1376,51,51135,6,9,9,30327.188
1377,51,51137,6,9,9,26757.375
1378,51,51139,6,9,9,25523.031
1379,51,51145,6,9,9,-38642.844
1380,51,51149,6,9,9,5791.4062
1381,51,51153,6,9,9,-793.65625
1382,51,51157,6,9,9,-28946.344
1383,51,51171,6,9,9,-11669.4375
1384,51,51175,6,9,9,-29140.281
1385,51,51177,6,9,9,-6656.2812
1386,51,51179,6,9,9,25569.031
1387,51,51181,6,9,9,-61640.72
1388,51,51183,6,9,9,-24663.0
1389,51,51187,6,9,9,-1817.5
1390,51,51193,6,9,9,27205.86
1391,51,51199,6,9,9,-23752.156
1392,51,51510,6,9,9,-99141.81
1393,51,51550,6,9,9,-12805.469
1394,51,51570,6,9,9,10397.25
1395,51,51600,6,9,9,20662.438
1396,51,51610,6,9,9,31529.5
1397,51,51620,6,9,9,38007.844
1398,51,51630,6,9,9,-28637.531
1399,51,51650,6,9,9,-7111.5938
1400,51,51670,6,9,9,40266.453
1401,51,51683,6,9,9,-60040.5
1402,51,51685,6,9,9,-80866.0
1403,51,51700,6,9,9,-4747.672
1404,51,51710,6,9,9,-17428.875
1405,51,51730,6,9,9,35499.453
1406,51,51735,6,9,9,-90632.16
1407,51,51740,6,9,9,-3614.1875
1408,51,51760,6,9,9,-282.65625
1409,51,51800,6,9,9,7847.4375
1410,51,51810,6,9,9,-5111.5
1411,51,51840,6,9,9,-22945.062
1412,53,53001,6,9,9,47226.438
1413,53,53003,6,9,9,-9589.031
1414,53,53007,6,9,9,63346.094
1415,53,53009,6,9,9,78859.5
1416,53,53011,6,9,9,2750.8438
1417,53,53013,6,9,9,-19963.0
1418,53,53015,6,9,9,-1197.25
1419,53,53017,6,9,9,-22073.875
1420,53,53025,6,9,9,11441.156
1421,53,53027,6,9,9,51832.375
1422,53,53029,6,9,9,7666.3125
1423,53,53031,6,9,9,120823.25
1424,53,53033,6,9,9,79980.69
1425,53,53035,6,9,9,7025.2812
1426,53,53037,6,9,9,69682.72
1427,53,53039,6,9,9,-103981.34
1428,53,53041,6,9,9,48642.625
1429,53,53043,6,9,9,50511.453
1430,53,53045,6,9,9,27460.75
1431,53,53047,6,9,9,-29161.5
1432,53,53049,6,9,9,44702.812
1433,53,53051,6,9,9,48636.156
1434,53,53053,6,9,9,27270.125
1435,53,53055,6,9,9,118940.625
1436,53,53057,6,9,9,23927.656
1437,53,53059,6,9,9,134224.97
1438,53,53061,6,9,9,106944.56
1439,53,53063,6,9,9,57710.406
1440,53,53065,6,9,9,73919.78
1441,53,53067,6,9,9,40239.125
1442,53,53071,6,9,9,21922.188
1443,53,53073,6,9,9,33426.53
1444,54,54003,6,9,9,-12724.031
1445,54,54023,6,9,9,-39046.312
1446,54,54027,6,9,9,15698.703
1447,54,54031,6,9,9,65862.875
1448,54,54037,6,9,9,-5982.75
1449,54,54057,6,9,9,4187.8906
1450,54,54065,6,9,9,14834.391
1451,55,55001,6,9,9,17787.188
1452,55,55003,6,9,9,-29363.703
1453,55,55005,6,9,9,27374.39
1454,55,55007,6,9,9,17423.625
1455,55,55009,6,9,9,-8793.375
1456,55,55011,6,9,9,26737.602
1457,55,55013,6,9,9,-700.3125
1458,55,55015,6,9,9,4104.9375
1459,55,55017,6,9,9,17922.812
1460,55,55019,6,9,9,9536.898
1461,55,55021,6,9,9,4381.453
1462,55,55023,6,9,9,30186.469
1463,55,55025,6,9,9,-3219.5625
1464,55,55027,6,9,9,-7995.922
1465,55,55029,6,9,9,-21649.656
1466,55,55033,6,9,9,16484.812
1467,55,55035,6,9,9,-4121.375
1468,55,55037,6,9,9,17865.39
1469,55,55039,6,9,9,6249.7812
1470,55,55041,6,9,9,1574.1406
1471,55,55043,6,9,9,-38372.266
1472,55,55045,6,9,9,12373.844
1473,55,55047,6,9,9,90392.56
1474,55,55049,6,9,9,-73779.59
1475,55,55053,6,9,9,14439.828
1476,55,55055,6,9,9,-40337.53
1477,55,55057,6,9,9,-1724.125
1478,55,55059,6,9,9,-25308.562
1479,55,55061,6,9,9,16660.39
1480,55,55063,6,9,9,2506.0781
1481,55,55065,6,9,9,27811.14
1482,55,55067,6,9,9,-8996.68
1483,55,55069,6,9,9,-16369.422
1484,55,55071,6,9,9,6516.9688
1485,55,55073,6,9,9,7753.172
1486,55,55075,6,9,9,20256.688
1487,55,55077,6,9,9,17753.219
1488,55,55078,6,9,9,541726.7
1489,55,55079,6,9,9,-11701.719
1490,55,55081,6,9,9,13358.406
1491,55,55083,6,9,9,14123.641
1492,55,55085,6,9,9,54748.953
1493,55,55087,6,9,9,14119.281
1494,55,55089,6,9,9,-41056.78
1495,55,55091,6,9,9,-37368.97
1496,55,55093,6,9,9,22567.156
1497,55,55095,6,9,9,-2529.6719
1498,55,55097,6,9,9,9024.969
1499,55,55099,6,9,9,-36316.188
1500,55,55101,6,9,9,-21975.25
1501,55,55103,6,9,9,189375.11
1502,55,55105,6,9,9,3004.5
1503,55,55107,6,9,9,-102198.875
1504,55,55109,6,9,9,-9341.0
1505,55,55111,6,9,9,-5148.8594
1506,55,55113,6,9,9,-6390.0
1507,55,55115,6,9,9,-5234.75
1508,55,55117,6,9,9,4602.6562
1509,55,55119,6,9,9,41572.453
1510,55,55121,6,9,9,65121.03
1511,55,55123,6,9,9,-9211.3125
1512,55,55125,6,9,9,43786.25
1513,55,55127,6,9,9,8240.5625
1514,55,55129,6,9,9,-42799.438
1515,55,55131,6,9,9,-656.59375
1516,55,55133,6,9,9,-9064.625
1517,55,55135,6,9,9,-184.625
1518,55,55137,6,9,9,-14378.453
1519,55,55139,6,9,9,-8103.2812
1520,55,55141,6,9,9,-1213.4219
